{"components/common/alert-modal":"<div id=\"alert-modal\" class=\"modal modal--alert modal--small\" data-reveal data-prevent-quick-search-close>\n    <div class=\"swal2-icon swal2-error swal2-icon-show\"><span class=\"swal2-x-mark\"><span class=\"swal2-x-mark-line-left\"></span><span class=\"swal2-x-mark-line-right\"></span></span></div>\n\n    <div class=\"modal-content\"></div>\n\n    <div class=\"button-container\"><button type=\"button\" class=\"confirm button\" data-reveal-close>OK</button></div>\n</div>\n","components/common/body":"<div class=\"body {{#if template_file '===' 'pages/home'}}home{{/if}}\" data-currency-code=\"{{currency_selector.active_currency_code}}\">\n    {{#block \"hero\"}} {{/block}}\n    {{#block \"page\"}} {{/block}}\n    {{#block \"hero-bottom\"}} {{/block}}\n    {{> components/common/modal}}\n    {{> components/common/alert-modal}}\n</div>\n","components/common/currency-selector":"{{#if currency_selector.currencies.length '>' 1}}\n    <li class=\"navUser-item navUser-item-currency\">\n        <a class=\"navUser-action navUser-action--currencySelector has-dropdown\" href=\"#\" data-dropdown=\"currencySelection\" aria-controls=\"currencySelection\" aria-expanded=\"false\">{{lang 'common.currency' code=currency_selector.active_currency_code}} <i class=\"icon\" aria-hidden=\"true\"><svg><use xlink:href=\"#icon-downselector-small\" /></svg></i></a>\n        <ul class=\"dropdown-menu\" id=\"currencySelection\" data-dropdown-content aria-hidden=\"true\" tabindex=\"-1\">\n            {{#each currency_selector.currencies}}\n            <li class=\"dropdown-menu-item\">\n                <a href=\"{{{switch_url}}}\">\n                    {{#if is_active}}\n                    <strong>{{name}}</strong>\n                    {{else}}\n                    {{name}}\n                    {{/if}}\n                </a>\n            </li>\n            {{/each}}\n        </ul>\n    </li>\n{{/if}}\n","components/common/facebook-like":"<!-- partial pulled in to the base layout -->\n{{#any settings.add_this.buttons service='facebook_like'}}\n  <div id=\"fb-root\"></div>\n  <script>(function(d, s, id) {\n    var js, fjs = d.getElementsByTagName(s)[0];\n    if (d.getElementById(id)) return;\n    js = d.createElement(s); js.id = id;\n    js.src = \"//connect.facebook.net/en_US/sdk.js#xfbml=1&version=v2.5\";\n    fjs.parentNode.insertBefore(js, fjs);\n  }(document, 'script', 'facebook-jssdk'));</script>\n{{/any}}\n","components/common/footer":"{{#if banners.bottom}}\n    {{#if settings.data_tag_enabled}}\n        <div class=\"banners\" data-banner-location=\"bottom\">\n            {{#each (limit banners.bottom_metadata 1)}}\n                <div class=\"banner\" data-event-type=\"promotion\" data-entity-id=\"{{this.id}}\" data-name=\"{{this.banner-name}}\" data-position=\"{{this.location}}\" data-name=\"{{this.banner-name}}\">\n                    <div data-event-type=\"promotion-click\">\n                        {{{this.content}}}\n                    </div>\n                </div>\n            {{/each}}\n        </div>\n    {{else}}\n        <div class=\"banners\" data-banner-location=\"bottom\">\n            <div class=\"banner\">\n                {{{limit banners.bottom 1}}}\n            </div>\n        </div>\n    {{/if}}\n{{/if}}\n\n\n                    \n<footer class=\"footer\" role=\"contentinfo\">\n    <div class=\"container\">\n        <section class=\"footer-info 4a616d6573\">\n           \n           <article class=\"footer-info-col footer-info-dropdown footer-info-col--small\" data-section-type=\"footer-categories\">\n                    <h5 class=\"footer-info-heading\">\n                         CATEGORIES\n                        <i class=\"icon\" aria-hidden=\"true\">\n                            <svg><use xlink:href=\"#icon-downselector\" /></svg>\n                        </i>\n                    </h5>\n                     <ul class=\"footer-info-list\">\n                        <li>\n                           <a href=\"/grills/\">Grills</a>\n                        </li>\n                        <li>\n                           <a href=\"/outdoor-kitchen/\">Outdoor Kitchen</a>\n                        </li>\n                        <li>\n                           <a href=\"/parts/\">Parts</a>\n                        </li>\n                        <li>\n                           <a href=\"/accessories/\">Accessories</a>\n                        </li>\n                        <li>\n                           <a href=\"/new-products/\">New Products</a>\n                        </li>\n                        <li>\n                           <a href=\"/pages/promotions\">Promotions</a>\n                        </li>\n                        <li>\n                           <a href=\"/pages/builders\">Builders</a>\n                        </li>\n                        <li>\n                           <a href=\"/clearance/\">Clearance</a>\n                        </li>\n                    </ul>   \n                </article> \n            \n            <article class=\"footer-info-col footer-info-dropdown footer-info-col--small\" data-section-type=\"footer-categories\">\n                    <h5 class=\"footer-info-heading\">\n                         Resources\n                        <i class=\"icon\" aria-hidden=\"true\">\n                            <svg><use xlink:href=\"#icon-downselector\" /></svg>\n                        </i>\n                    </h5>\n                     <ul class=\"footer-info-list\">\n                        <li>\n                           <a href=\"/pages/coyote-grills-catalog\">Coyote Grills Catalog</a>\n                        </li>\n                         <li>\n                           <a href=\"/coyote-grills-comparison-charts/\">Coyote Grills Comparison Charts</a>\n                        </li>\n                        <li>\n                           <a href=\"/coyote-grills-buying-guide/\">Coyote Grills Buying Guide</a>\n                        </li>\n                        <li>\n                           <a href=\"/rta-outdoor-kitchen-buying-guide/\">RTA Outdoor Kitchen Buying Guide</a>\n                        </li>\n                        <li>\n                           <a href=\"/pages/grilling-videos/\">Grilling Videos</a>\n                        </li>\n                        <li>\n                           <a href=\"/pages/coyote-outdoor-living-warranty/\">Warranty</a>\n                        </li>\n                    </ul>   \n                </article>\n            \n            <article class=\"footer-info-col footer-info-dropdown footer-info-col--small  is-open\" data-section-type=\"footer-categories\">\n                <h5 class=\"footer-info-heading\">\n                   Contact Us\n                    <i class=\"icon\" aria-hidden=\"true\">\n                        <svg><use xlink:href=\"#icon-downselector\" /></svg>\n                    </i>\n                </h5>\n\t\t\t\t<ul class=\"footer-info-list\">\n               <li> <p>Call us toll free or email us to speak with a sales representative.</p></li>\n\n\t\t\t\t<li><a href=\"tel:1-800-357-5044\"><strong>Sales: 1-800-357-5044</strong></a></li>\n\n\t\t\t<li>\t<p><a href=\"mailto:sales@brandster.com\"><strong>Email: sales@brandster.com</strong></a></li>\n\t\t\t\t<ul>\n            </article>\n\n            <article class=\"footer-info-col footer-info-dropdown footer-info-col--small  is-open\" data-section-type=\"footer-webPages\">\n                <h5 class=\"footer-info-heading\">\n                    Menu\n                    <i class=\"icon\" aria-hidden=\"true\">\n                        <svg><use xlink:href=\"#icon-downselector\" /></svg>\n                    </i>\n                </h5>\n                <ul class=\"footer-info-list\">\n                    {{#each pages}}\n                        {{#and (if name '!=' 'BUILDERS / PRO SERVICES') (if name '!=' 'Sale')  }}\n                        <li>\n                            <a style=\"text-transform: capitalize;\" href=\"{{url}}\">{{name}}</a>\n                        </li>\n                    \n                        {{/and}}\n                    {{/each}}\n                    \n                   <!--  <li>\n                           <a href=\"/pro-services/\" >Pro Services</a>\n                        </li>-->\n                      <!--    <li>\n                           <a class=\"modal-iFrame-action\"  href=\"/design-services/\" data-reveal-id=\"modal-iFrame-content\">Design Services</a>\n                        </li>\n                        <li>\n                           <a class=\"modal-iFrame-action\" href=\"/request-free-catalog-price-list/\" data-reveal-id=\"modal-iFrame-content\">Free Catalog Request</a>\n                        </li>-->\n                    <!--\n                    <li>\n                        <a href=\"{{urls.sitemap}}\">{{lang 'sitemap.page_title'}}</a>\n                    </li>\n                    -->\n                </ul>\n            </article>\n        \n            <!-- Brands / Collections -->  \n\t\t\t\n\t\t\t<!-- Brands / Collections -->  \t\n            \n            {{#if theme_settings.social_icons_footer}}\n                <article class=\"footer-info-col footer-mobile-limited footer-info-col--small\" data-section-type=\"footer-webPages\">\n                    <h5 class=\"footer-info-heading\">{{lang 'social.connect'}}</h5>\n                    {{> components/common/social-links}}\n                </article>\n            {{/if}}\n            \n            \n      \n            {{#if theme_settings.social_icons_footer}}\n                <article class=\"footer-info-col footer-mobile-limited footer-info-col--small\" data-section-type=\"footer-webPages\">\n                    <h5 class=\"footer-info-heading\">{{lang 'social.connect'}}</h5>\n                    {{> components/common/social-links}}\n                </article>\n            {{/if}}\n    \n            {{#if settings.address}}\n              <!--\n                <article class=\"footer-info-col footer-mobile-limited footer-info-col--small\" data-section-type=\"storeInfo\">\n                  \n                    <h5 class=\"footer-info-heading footer-store-name\">{{settings.store_name}}</h5>\n                    <address>{{nl2br settings.address}}</address>\n                    {{#if settings.phone_number}}\n                        <div class=\"footer-info-phone\">\n                            <i class=\"icon\" aria-hidden=\"true\">\n                                <svg><use xlink:href=\"#icon-phone\" /></svg>\n                            </i>\n                            <a href=\"tel:{{settings.phone_number}}\">{{settings.phone_number}}</a>\n                        </div>\n                         \n                    {{/if}}   \n                 </article>   \n                    \n                    -->\n\t\t  \n\t\t\t{{/if}}\n\t\t\t\t <article class=\"footer-info-disclaimer footer-info-col--small\">\n             {{>  store-custom/components/common/disclaimer }}\t\n             </article>  \n                    \n                <!-- <article class=\"footer-info-col footer-info-dropdown footer-info-col--small\" data-section-type=\"footer-categories\">-->\n                <!--    <h5 class=\"footer-info-heading\">-->\n                <!--         Services-->\n                <!--        <i class=\"icon\" aria-hidden=\"true\">-->\n                <!--            <svg><use xlink:href=\"#icon-downselector\" /></svg>-->\n                <!--        </i>-->\n                <!--    </h5>-->\n                <!--     <ul class=\"footer-info-list\">-->\n                <!--        <li>-->\n                <!--           <a href=\"/pro-services/\" >Pro Services</a>-->\n                <!--        </li>-->\n                <!--        <li>-->\n                <!--           <a class=\"modal-iFrame-action\"  href=\"/design-services/\" data-reveal-id=\"modal-iFrame-content\">Design Services</a>-->\n                <!--        </li>-->\n                <!--        <li>-->\n                <!--           <a class=\"modal-iFrame-action\" href=\"/request-free-catalog-price-list/\" data-reveal-id=\"modal-iFrame-content\">Free Catalog Request</a>-->\n                <!--        </li>-->\n                <!--    </ul>   -->\n                <!--</article>  -->\n\n        </section>\n        {{#if theme_settings.geotrust_ssl_common_name}}\n            <div class=\"footer-geotrust-ssl-seal\">\n                {{> components/common/geotrust-ssl-seal}}\n            </div>\n        {{/if}}\n        \n        <div class=\"footer-copyright\">\n           \n            {{#if theme_settings.show_copyright_footer}}\n                <p class=\"powered-by\">Copyright  &copy; {{moment format=\"YYYY\"}} {{settings.store_name}} </p>\n            {{/if}}\n            \n            <!--<div class=\"certs-logos footer-payment-icons\" >\n                <img src=\"{{getImage image 'thumb_size' (cdn 'assets/img/footer/bbb-logo.png')}}\" />\n                <img src=\"{{getImage image 'thumb_size' (cdn 'assets/img/footer/shoppers-logo.png')}}\" />\n            </div>-->\n            \n            \n             {{> components/common/payment-icons}}\n        </div>\n        \n       \n            <!--<div class=\"footer-copyright\" style=\"font-size: 12px;\">\n               \n              \n\t\t\t\t{{>  store-custom/components/common/disclaimer }}\n                \n                {{#or theme_settings.show_powered_by theme_settings.show_built_by}}\n                \n                {{#if theme_settings.show_powered_by}}\n                    <p class=\"powered-by\">Powered by <a href=\"https://www.bigcommerce.com?utm_source=merchant&amp;utm_medium=poweredbyBC\" rel=\"nofollow\">BigCommerce</a></p>\n                {{/if}}\n                {{#if theme_settings.show_built_by}}\n                    <p class=\"powered-by\">Built by <a href=\"https://www.weizenyoung.com/\" rel=\"nofollow\">Weizen Young</a></p>\n                {{/if}}\n               {{/or}}\n            </div>-->\n     \n    </div>\n</footer>\n\n\n\n","components/common/geotrust-ssl-seal":"<table width=\"135\" border=\"0\" cellpadding=\"2\" cellspacing=\"0\" title=\"Click to Verify - This site chose GeoTrust SSL for secure e-commerce and confidential communications.\">\n    <tr>\n        <td width=\"135\" align=\"center\" valign=\"top\">\n            <script type=\"text/javascript\" src=\"https://seal.geotrust.com/getgeotrustsslseal?host_name={{theme_settings.geotrust_ssl_common_name}}&amp;size={{theme_settings.geotrust_ssl_seal_size}}&amp;lang={{locale_name}}\"></script><br />\n            <a href=\"http://www.geotrust.com/ssl/\" target=\"_blank\"  style=\"color:#000000; text-decoration:none; font:bold 7px verdana,sans-serif; letter-spacing:.5px; text-align:center; margin:0px; padding:0px;\"></a>\n        </td>\n    </tr>\n</table>\n","components/common/header":"<header class=\"header\" role=\"banner\">\n\n\t{{>  store-custom/components/common/header-top }}\t\n    \n    <a href=\"#\" class=\"mobileMenu-toggle\" data-mobile-menu-toggle=\"menu\">\n        <span class=\"mobileMenu-toggleIcon\"></span>\n    </a>\n\n    <div class=\"header-logo--wrap\">\n        <div class=\"header-logo {{#if theme_settings.logo_size '===' 'original'}}logo-full-size{{/if}}\">\n            \n            <div class=\"logo-and-toggle\">\n                <div class=\"desktopMenu-toggle\">\n                    <a href=\"javascript:void(0);\" class=\"mobileMenu-toggle\">\n                        <span class=\"mobileMenu-toggleIcon\"></span>\n                    </a>\n                </div>\n                \n                {{#if page_type '===' 'default'}}\n                    <h1 class=\"logo-wrap\">{{> components/common/store-logo}}</h1>\n                {{else}}\n                    <div class=\"logo-wrap\">{{> components/common/store-logo}}</div>\n                {{/if}}\n            </div>\n            \n            <div class=\"quickSearchWrap\" id=\"quickSearch\" aria-hidden=\"true\" tabindex=\"-1\" data-prevent-quick-search-close>\n                {{> components/common/quick-search}}\n            </div>\n            <div class=\"navUser-wrap\">\n                {{> components/common/navigation}}\n            </div>\n        </div>\n    </div>\n    {{{region name=\"header_bottom\"}}}\n    <div class=\"navPages-container\" id=\"menu\" data-menu>\n        {{> store-custom/components/common/navigation-menu}}\n    </div>\n</header>\n{{#unless page_type '===' 'default'}}\n{{#if banners.top}}\n<div class=\"banners\" data-banner-location=\"top\">\n    {{#each (limit banners.top_metadata 1)}}\n    <div class=\"banner\" data-event-type=\"promotion\" data-entity-id=\"{{this.id}}\" data-name=\"{{this.banner-name}}\" data-position=\"{{this.location}}\" data-banner-id=\"{{this.banner-name}}\">\n        <div data-event-type=\"promotion-click\">\n            {{{this.content}}}\n        </div>\n    </div>\n    {{/each}}\n</div>\n{{/if}}\n\n{{/unless}}\n\n{{{region name=\"header_bottom\"}}}\n\n","components/common/modal":"<div id=\"modal\" class=\"modal\" data-reveal data-prevent-quick-search-close>\n    <a href=\"#\" class=\"modal-close\" aria-label=\"{{lang 'common.close'}}\" role=\"button\">\n        <span aria-hidden=\"true\">&#215;</span>\n    </a>\n    <div class=\"modal-content\"></div>\n    <div class=\"loadingOverlay\"></div>\n</div>\n","components/common/navigation":"<style>\n.navUser:before, .navUser:after{display:none !important}\n</style>\n<nav class=\"navUser\">\n    <ul class=\"navUser-section navUser-section--alt\">\n        <!--<li class=\"navUser-item navUser-item--account\">\n            <i class=\"icon\" aria-hidden=\"true\">\n                <svg><use xlink:href=\"#icon-user\" /></svg>\n            </i>\n            {{#if customer}}\n                <a class=\"navUser-action\" href=\"{{urls.account.index}}\">{{lang 'common.account'}}</a> or\n                <a class=\"navUser-action\" href=\"{{urls.auth.logout}}\">{{lang 'common.logout'}}</a>\n            {{else}}\n                <a class=\"navUser-action\" href=\"{{urls.auth.login}}\">{{lang 'common.login'}}</a>\n                {{#if settings.account_creation_enabled}}\n                    <span>{{lang 'common.or'}}</span> <a class=\"navUser-action\" href=\"{{urls.auth.create_account}}\">{{lang 'common.sign_up'}}</a>\n                {{/if}}\n            {{/if}}\n        </li>-->\n        {{> components/common/currency-selector}}\n        <li class=\"navUser-item navUser-item--mobile-search\">\n            <i class=\"icon\" aria-hidden=\"true\">\n                <svg><use xlink:href=\"#icon-search\" /></svg>\n            </i>\n        </li>\n        <li class=\"navUser-item navUser-item--cart\">\n            <a\n                class=\"navUser-action\"\n                data-cart-preview\n                data-dropdown=\"cart-preview-dropdown\"\n                data-options=\"align:right\"\n                href=\"{{urls.cart}}\">\n                <i class=\"icon\" aria-hidden=\"true\">\n                  <svg aria-hidden=\"true\" focusable=\"false\" role=\"presentation\" width=\"28\" height=\"26\" viewBox=\"0 10 28 26\" xmlns=\"http://www.w3.org/2000/svg\">\n  <path fill=\"currentColor\" fill-rule=\"evenodd\" d=\"M26.15 14.488L6.977 13.59l-.666-2.661C6.159 10.37 5.704 10 5.127 10H1.213C.547 10 0 10.558 0 11.238c0 .68.547 1.238 1.213 1.238h2.974l3.337 13.249-.82 3.465c-.092.371 0 .774.212 1.053.243.31.576.465.94.465H22.72c.667 0 1.214-.558 1.214-1.239 0-.68-.547-1.238-1.214-1.238H9.434l.333-1.423 12.135-.589c.455-.03.85-.31 1.032-.712l4.247-9.286c.181-.34.151-.774-.06-1.144-.212-.34-.577-.589-.97-.589zM22.297 36c-1.256 0-2.275-1.04-2.275-2.321 0-1.282 1.019-2.322 2.275-2.322s2.275 1.04 2.275 2.322c0 1.281-1.02 2.321-2.275 2.321zM10.92 33.679C10.92 34.96 9.9 36 8.646 36 7.39 36 6.37 34.96 6.37 33.679c0-1.282 1.019-2.322 2.275-2.322s2.275 1.04 2.275 2.322z\"></path>\n</svg>\n                </i>\n                <span class=\"{{#if cart.items}} countPill--positive{{/if}} cart-quantity\">{{cart.quantity}}</span>\n            </a>\n\n            <div class=\"dropdown-menu\" id=\"cart-preview-dropdown\" data-dropdown-content aria-hidden=\"true\"></div>\n        </li>\n    </ul>\n</nav>\n","components/common/navigation-list":"{{#if children}}\n<a class=\"navPages-action has-subMenu{{#if is_active}} activePage{{/if}} menu-parent\" href=\"{{url}}\" data-collapsible=\"navPages-{{id}}\">\n    {{name}} <i class=\"icon navPages-action-moreIcon\" aria-hidden=\"true\"><svg><use xlink:href=\"#icon-chevron-down\" /></svg></i>\n</a>\n<div class=\"column-menu navPage-subMenu\" id=\"navPages-{{id}}\" aria-hidden=\"true\" tabindex=\"-1\">\n    <ul class=\"navPage-subMenu-list\">\n        {{#each children}}\n            <li class=\"navPage-subMenu-item\">\n                <!--<i class=\"icon navPages-action-moreIcon\" aria-hidden=\"true\"><svg><use xlink:href=\"#icon-chevron-right\" /></svg></i>-->\n                <a class=\"navPage-subMenu-action navPages-action{{#if is_active}} activePage{{/if}} menu-child\" href=\"{{url}}\">{{name}}</a>\n                {{#if children}}\n                    <i class=\"icon navPages-action-moreIcon navPages-action-closed\" aria-hidden=\"true\"><svg><use xlink:href=\"#icon-plus\" /></svg></i>\n                    <i class=\"icon navPages-action-moreIcon navPages-action-open\" aria-hidden=\"true\"><svg><use xlink:href=\"#icon-minus\" /></svg></i>\n                {{/if}}\n                \n            </li>\n            {{#if children}}\n                {{#each children}}\n                    <li class=\"navPage-childList-item\">\n                        <a class=\"navPage-childList-action navPages-action{{#if is_active}} activePage{{/if}}\" href=\"{{url}}\">{{name}}</a>\n                    </li>\n                {{/each}}\n            {{/if}}\n        {{/each}}\n    </ul>\n</div>\n{{else}}\n<a class=\"navPages-action{{#if is_active}} activePage{{/if}}\" href=\"{{url}}\">{{name}}</a>\n{{/if}}\n","components/common/payment-icons":"{{#with theme_settings}}\n    {{#or show_accept_amex show_accept_discover show_accept_mastercard show_accept_paypal show_accept_visa show_accept_amazonpay show_accept_googlepay}}\n    <div class=\"footer-payment-icons\">\n        {{#if show_accept_amex}}\n        <svg class=\"footer-payment-icon\"><use xlink:href=\"#icon-logo-american-express\"></use></svg>\n        {{/if}}\n        {{#if show_accept_discover}}\n        <svg class=\"footer-payment-icon\"><use xlink:href=\"#icon-logo-discover\"></use></svg>\n        {{/if}}\n        {{#if show_accept_mastercard}}\n        <svg class=\"footer-payment-icon\"><use xlink:href=\"#icon-logo-mastercard\"></use></svg>\n        {{/if}}\n        {{#if show_accept_paypal}}\n        <svg class=\"footer-payment-icon\"><use xlink:href=\"#icon-logo-paypal\"></use></svg>\n        {{/if}}\n        {{#if show_accept_visa}}\n        <svg class=\"footer-payment-icon\"><use xlink:href=\"#icon-logo-visa\"></use></svg>\n        {{/if}}\n        {{#if show_accept_amazonpay}}\n        <svg class=\"footer-payment-icon\"><use xlink:href=\"#icon-logo-amazonpay\"></use></svg>\n        {{/if}}\n        {{#if show_accept_googlepay}}\n        <svg class=\"footer-payment-icon\"><use xlink:href=\"#icon-logo-googlepay\"></use></svg>\n        {{/if}}\n        {{#if show_accept_applepay}}\n        <svg class=\"footer-payment-icon footer-payment-icon-apple\"><use xlink:href=\"#icon-logo-apple-pay\"></use></svg>\n        {{/if}}\n    </div>\n    {{/or}}\n{{/with}}","components/common/quick-search":"<div>\n    {{{ snippet \"forms_search\"}}}\n    <form class=\"form\" action=\"{{urls.search}}\">\n        <fieldset class=\"form-fieldset\">\n            <div class=\"form-field\">\n                <label class=\"is-srOnly\" for=\"search_query\">{{lang \"search.quick_search.input_label\"}}</label>\n                <input class=\"form-input\" data-search-quick name=\"search_query\" id=\"search_query\" data-error-message=\"{{lang 'search.error.empty_field'}}\" placeholder=\"{{lang 'search.quick_search.input_placeholder'}}\" autocomplete=\"off\">\n                <button type=\"submit\" class=\"form-button\">\n                    <i class=\"icon\" aria-hidden=\"true\">\n                        <svg  style=\"color:#fff\" aria-hidden=\"true\" focusable=\"false\" role=\"presentation\" xmlns=\"http://www.w3.org/2000/svg\" width=\"20\" height=\"21\" viewBox=\"0 0 20 21\">\n  <path fill=\"currentColor\" fill-rule=\"evenodd\" d=\"M12.514 14.906a8.264 8.264 0 0 1-4.322 1.21C3.668 16.116 0 12.513 0 8.07 0 3.626 3.668.023 8.192.023c4.525 0 8.193 3.603 8.193 8.047 0 2.033-.769 3.89-2.035 5.307l4.999 5.552-1.775 1.597-5.06-5.62zm-4.322-.843c3.37 0 6.102-2.684 6.102-5.993 0-3.31-2.732-5.994-6.102-5.994S2.09 4.76 2.09 8.07c0 3.31 2.732 5.993 6.102 5.993z\"></path>\n</svg>\n                    </i>\n                </button>\n            </div>\n        </fieldset>\n    </form>\n    <section class=\"quickSearchResults\" data-bind=\"html: results\"></section>\n</div>\n","components/common/social-links":"{{#if social_media}}\n    <ul class=\"socialLinks socialLinks--alt\">\n        {{#each social_media}}\n            <li class=\"socialLinks-item\">\n                <a class=\"icon icon--{{display_name}}\" href=\"{{url}}\" target=\"_blank\">\n                    <svg><use xlink:href=\"#icon-{{display_name}}\" /></svg>\n                </a>\n            </li>\n        {{/each}}\n    </ul>\n{{/if}}\n","components/common/store-logo":"<a href=\"{{urls.home}}\">\n    {{#if settings.store_logo.image}}\n        <div class=\"header-logo-image-container\">\n            <img class=\"header-logo-image\" src=\"https://store-xjh9r1tm85.mybigcommerce.com/content/coyote-big-logo.png\" alt=\"{{settings.store_logo.title}}\" title=\"{{settings.store_logo.title}}\">\n        </div>\n    {{else}}\n        <span class=\"header-logo-text\">{{settings.store_logo.title}}</span>\n    {{/if}}\n</a>\n","components/sitemap/links":"<li>\n    <a href=\"{{url}}\">{{label}}</a>\n    {{#if children}}\n        <ul>\n            {{#each children}}\n                {{> components/sitemap/links}}\n            {{/each}}\n        </ul>\n    {{/if}}\n</li>\n","layout/base":"<!DOCTYPE html>\n<html class=\"no-js\" lang=\"{{ locale_name }}\">\n    <head>\n        <title>{{ head.title }}</title>\n        {{{ resourceHints }}}\n        {{{ head.meta_tags }}}\n        {{{ head.config }}}\n        {{#block \"head\"}} {{/block}}\n\n        <link href=\"{{ head.favicon }}\" rel=\"shortcut icon\">\n        <meta name=\"viewport\" content=\"width=device-width, initial-scale=1, maximum-scale=1\">\n\n        <script>\n            {{!-- Change document class from no-js to js so we can detect this in css --}}\n            document.documentElement.className = document.documentElement.className.replace('no-js', 'js');\n        </script>\n        {{!-- Load Lazysizes script ASAP so images will appear --}}\n        <script>\n            {{!-- Only load visible elements until the onload event fires, after which preload nearby elements. --}}\n            window.lazySizesConfig = window.lazySizesConfig || {};\n            window.lazySizesConfig.loadMode = 1;\n        </script>\n        <script async src=\"{{cdn 'assets/dist/theme-bundle.head_async.js'}}\"></script>\n\n        {{ getFontsCollection }}\n        {{{stylesheet '/assets/css/theme.css'}}}\n\t\t{{{stylesheet '/assets/css/store-custom-css.css'}}}\n\n        {{{head.scripts}}}\n\n        {{~inject 'themeSettings' theme_settings}}\n        {{~inject 'genericError' (lang 'common.generic_error')}}\n        {{~inject 'maintenanceMode' settings.maintenance}}\n        {{~inject 'urls' urls}}\n        {{~inject 'secureBaseUrl' settings.secure_base_url}}\n        {{~inject 'cartId' cart_id}}\n        {{~inject 'template' template}}\n        \n        {{#if page_type '===' 'product'}}\n            {{> components/common/facebook-like}}\n        {{else if page_type '===' 'blog' }}\n            {{> components/common/facebook-like}}\n        {{else if page_type '===' 'blog_post' }}\n            {{> components/common/facebook-like}}\n        {{/if}}\n\n        <script>\n            var theme_settings = {\n                show_fast_cart: {{theme_settings.show_fast_cart}},\n                linksPerCol: {{theme_settings.nav-links-per-col}},\n            };\n        </script>\n        \n        \n        <!-- custom links -->\n        <link href=\"https://fonts.googleapis.com/css2?family=Montserrat:wght@400;500;700&display=swap\" rel=\"stylesheet\">\n\t\t<script src=\"{{cdn 'assets/jquery.min.js'}}\"></script>\n\t\t<meta name=\"google-site-verification\" content=\"Sa93nxtLEQ-ZlBilWMaDcnv_A4c_Yynu94hYOJr0H_k\" />\n    </head>\n    <body>\n        <svg data-src=\"{{cdn 'img/icon-sprite.svg'}}\" class=\"icons-svg-sprite\"></svg>\n\n        {{> components/common/header }}\n        {{> components/common/body }}\n        {{> components/common/footer }}\n\t\t\n\t\t{{> store-custom/layout/base-script }}\n\n\n\t\t<!--  Contact Form iFrame Modals Script -->\t\n\t\t<div id=\"modal-iFrame-content\" class=\"modal\" data-reveal>\n            <div class=\"modal-header\">\n                <h2 class=\"modal-header-title\">Contact Form</h2>\n                <a href=\"#\" class=\"modal-close\" aria-label=\"{{lang 'common.close'}}\" role=\"button\">\n                <span aria-hidden=\"true\">&#215;</span>\n                </a>\n            </div>\n            <div class=\"modal-body\" style=\"text-align: center;\">\n\t\t\t\t<div class=\"loading-form\" style=\"display:none; text-align:center;\">Loading Form please wait...</div>\n                <div class=\"iFrame-box\"  style=\"max-width: 500px; display: inline-block;width: 100%;\">\n                    <iframe id=\"modal-iFrame-form\" class=\"iFrame-form\" src=\"\" width=\"100%\"  style=\" border: 0; transition: height 0.3s ease 0s; height: auto; display: none;\"></iframe>\n                </div>\n\t\t   </div>\n        </div>\t\n\t\t\n        <script>\n\t\t\t var _styleDoc =\"<style>@media only screen and (min-width: 30px){ \t\tfooter, header, .breadcrumbs ,.footer-newsletter, .page-heading, .page-heading + p ,  .page-heading + p +p , .page-heading + p +p + p { display:none!important; } body{padding-top:0!important; } .body{ margin-top: 0 !important;}   .form-label{ text-align:left; }  .form-row--half .form-field { width: 100%; } .form-field { width: 100%; } .g-recaptcha{ text-align:center; } .g-recaptcha > div { display:inline-block; }  .form-field { margin: 0 0 1rem; }  .body-style-desktop{ padding-top:0 !important; } .body-style-desktop-slim{ padding-top:0  !important;}#tidio-chat {display:none!important; }\t\t}</style>\"; \n\t\t\n\t\t\n            function inIframe () {\n                try {  return window.self !== window.top;} catch (e) { return true;}\n            }\n            \n            $(document).ready(function(){\n                if(inIframe() == true){\n                    $(this).contents().find('body').append(_styleDoc);\n                }\n            });\n        \n\t\t\n\t\t\tvar _scroll_once = 0;\n\t\t\tfunction Scrolldown() {window.scroll(0,1); }\n\t\t\twindow.onload = Scrolldown; \n            $(document).ready(function() {\n                // on-click\n                var f_eventAction = \".modal-iFrame-action\";\n                var f_contentBox = \".iFrame-box\";\n                var f_iframeBox = \"#modal-iFrame-form\";\n\t\t\t\tvar f_loadingForm = \".loading-form\";\n               \n                $(window).scroll(function(){\n\t\t\t\t\tif(_scroll_once ==0){\n\t\t\t\t\t\t_scroll_once=1;\n\t\t\t\t\t\t$( f_eventAction ).each(function(index) {\n\t\t\t\t\t\t\tif($(\"iframe#\" + $(this).attr('href').replace(/\\//g, \"\")).length <= 0){  \n\t\t\t\t\t\t\t\t$(f_iframeBox).clone().attr({'src':$(this).attr('href'),'id':$(this).attr('href').replace(/\\//g, \"\"),'title':$(this).text()}).appendTo(f_contentBox);\n\t\t\t\t\t\t\t}\n\t\t\t\t\t\t});\n\t\t\t\t\t}\n                });\n                                          \n                $(f_eventAction).click(function(){\n\t\t\t\t\t$('.iFrame-form').each(function(index) {  $(this).hide(); });\n\t\t\t\t\ts_iframeBox = \"iframe#\" + $(this).attr('href').replace(/\\//g, \"\");\n                    $(f_contentBox).hide();\n\t\t\t\t\t$(f_loadingForm).show();\n\t\t\t\t\t$(s_iframeBox).attr('src',$(this).attr('href'));\n\t\t\t\t\t$('#modal-iFrame-content .modal-header-title').text($(s_iframeBox).attr('title'));\n\n                    $(s_iframeBox).on( \"load\", function() {\n\t\t\t\t\t\t$(f_contentBox).show();\n\t\t\t\t\t\t$(this).show();\n\t\t\t\t\t\t$(this).height($(this).contents().height());\n\t\t\t\t\t\t$(this).contents().find('body').append(_styleDoc);\n\t\t\t\t\t\t$(f_contentBox).hide(); \n\t\t\t\t\t\t\n\t\t\t\t\t\t\n\t\t\t\t\t\tif( $(this).contents().find('#contact_sku').length > 0){  \n                                $(this).contents().find('#contact_sku').val(\"{{ product.sku }}\");\n                        }\n\t\t\t\t\t\t\n\t\t\t\t\t\tif( $(this).contents().find('.form-actions input').length > 0){\n                            $(this).contents().find('.form-actions input').bind( \"click\", function() {\n\t\t\t\t\t\t\t\t$(f_contentBox).hide();    \n                            }); \n                        }\n\t\t\t\t\t\t\t\t\t\t\t\t\t\n                        if( $(this).contents().find('#contact-us-success').length > 0){\n                            $(this).contents().find('#contact-us-success').html(\" We've received your request and will respond as soon as we can. <br> Thank you!\");\n                            $(s_iframeBox).height(\"auto\");\n\t\t\t\t\t\t\t$(f_loadingForm).hide();\n                            $(f_contentBox).fadeIn(\"normal\");\n                        }else{\n\t\t\t\t\t\t\t$(f_loadingForm).hide();\n                            $(f_contentBox).fadeIn(\"slow\");\n                        }\n                    });\n                });\n            });\n        </script>\n\t\t<!--  Contact Form iFrame Modals Script -->\t\n\t\t\n\t\t\n        <!-- custom-page-class -->\n        <script>\n            var pathname = window.location.pathname.replace(/\\//g, \"\"); \n            $('body').addClass(pathname+\"_css\");\n        </script>\n        <!-- custom-page-class -->\n        \n\n        <script>window.__webpack_public_path__ = \"{{cdn 'assets/dist/'}}\";</script>\n        <script src=\"{{cdn 'assets/dist/theme-bundle.main.js'}}\"></script>\n        <script>\n            {{!-- Exported in app.js --}}\n            window.stencilBootstrap(\"{{page_type}}\", {{jsContext}}).load();\n        </script>\n\n\n        {{{footer.scripts}}}\n    </body>\n</html>\n","pages/sitemap":"{{#partial \"page\"}}\n<div class=\"container\">\n    <h1>{{lang 'sitemap.page_title'}}</h1>\n    \n    <ul>\n    {{#each sitemap}}\n        <li>\n            <h3>{{label}}</h3>\n            <ul>\n                {{#each body}}\n                <li>\n                    <a href=\"{{url}}\">{{label}}</a>\n                    {{#if children}}\n                        <ul>\n                        {{#each children}}\n                            {{> components/sitemap/links}}\n                        {{/each}}\n                        </ul>\n                    {{/if}}\n                </li>\n                {{/each}}\n                {{#if show_all_link}}\n                <li>\n                    <a href=\"{{subsection_url}}\">{{lang 'sitemap.show_all_link'}}</a>\n                </li>\n                {{/if}}\n            </ul>\n        </li>\n    {{/each}}\n    </ul>\n</div>\n{{/partial}}\n{{> layout/base}}\n","store-custom/components/common/disclaimer":"                <div id=\"gr-dropzone-footer_disclaimer\" class=\"disclaimer\" >\n                    <h5 style=\"margin: 0 0 10px;text-align:left\" class=\"footer-info-heading\">Disclaimer:</h5>\n                    <div class=\"site-footer-block-content rte\">\n                        <p>Brandster is an independent re-seller of Coyote Outdoor Living Products.  Any issues with sales from this site should be addressed to Brandster, not Coyote Outdoor Living. </p>\n\t\t\t\t\t\t<p><b>PROP65 NOTICE WARNING:</b> This product can expose you to Carbon Monoxide, which is on the list of substances known by the state of California to cause cancer, birth defects or reproductive harm. For more  information: </p>\n\t\t\t\t\t\t<a style=\"display: block;text-align: left;\" href=\"https://www.p65warnings.ca.gov/\">https://www.p65warnings.ca.gov/</a>\n                    </div>\n                </div>        \n","store-custom/components/common/header-top":"    <div id=\"gr-dropzone-header_top\" class=\"header-top\" style=\"background: #ffebbd !important;\">\n        <div class=\"left-align\"> \n          FAST & FREE SHIPPING on orders over $49\n        </div>\n       \n        <div class=\"right-align\">\n         <span class=\"header_top_phone\">SALES <a href=\"tel:+1-800-357-5044\">(800) 357-5044</a></span>\n         \n         <span class=\"header_top\">\n            <a href=\"/contact-us/\" class=\"contact\">Contact Us</a> |\n            <a href=\"/about-us/\" class=\"about-us\">About Brandster</a> | \n            <a href=\"/reviews/\" class=\"Reviews\">Reviews</a> |\n            <a href=\"/pro-services/\" class=\"b2b\">Pro Services </a> \n        </span>\n         \n         \n         </div>\n\t</div>        \n","store-custom/components/common/navigation-menu":"<span class=\"mobile-closeNav\">\r\n    <i class=\"icon\" aria-hidden=\"true\">\r\n        <svg><use xlink:href=\"#icon-close-large\" /></svg>\r\n    </i>\r\n    close\r\n</span>\r\n<nav class=\"navPages\">\r\n    <ul class=\"navPages-list navPages-list--user 5765697a656e20596f756e67\">\r\n        {{#if customer}}\r\n            <li class=\"navPages-item\">\r\n                <i class=\"icon\" aria-hidden=\"true\">\r\n                    <svg><use xlink:href=\"#icon-user\" /></svg>\r\n                </i>\r\n                <a class=\"navPages-action has-subMenu\" href=\"{{urls.account.index}}\" data-collapsible=\"navPages-account\">\r\n                    {{lang 'common.account'}} <i class=\"icon navPages-action-moreIcon\" aria-hidden=\"true\"><svg><use xlink:href=\"#icon-chevron-down\" /></svg></i>\r\n                </a>\r\n                <div class=\"navPage-subMenu\" id=\"navPages-account\" aria-hidden=\"true\" tabindex=\"-1\">\r\n                    <ul class=\"navPage-subMenu-list\">\r\n                        <li class=\"navPage-subMenu-item\">\r\n                            <a class=\"navPage-subMenu-action navPages-action\" href=\"{{urls.account.orders.all}}\">{{lang 'account.nav.orders'}}</a>\r\n                        </li>\r\n                        {{#if settings.returns_enabled}}\r\n                            <li class=\"navPage-subMenu-item\">\r\n                                <a class=\"navPage-subMenu-action navPages-action\" href=\"{{urls.account.returns}}\">{{lang 'account.nav.returns'}}</a>\r\n                            </li>\r\n                        {{/if}}\r\n                        <li class=\"navPage-subMenu-item\">\r\n                            <a class=\"navPage-subMenu-action navPages-action\" href=\"{{urls.account.inbox}}\">{{lang 'account.mobile_nav.messages'}}</a>\r\n                        </li>\r\n                        <li class=\"navPage-subMenu-item\">\r\n                            <a class=\"navPage-subMenu-action navPages-action\" href=\"{{urls.account.addresses}}\">{{lang 'account.nav.addresses'}}</a>\r\n                        </li>\r\n                        {{#if settings.show_payment_methods}}\r\n                            <li class=\"navPage-subMenu-item\">\r\n                                <a class=\"navPage-subMenu-action navPages-action\" href=\"{{urls.account.payment_methods.all}}\">{{lang 'account.nav.payment_methods'}}</a>\r\n                            </li> \r\n                        {{/if}}\r\n                        <li class=\"navPage-subMenu-item\">\r\n                            <a class=\"navPage-subMenu-action navPages-action\" href=\"{{urls.account.wishlists.all}}\">{{lang 'account.mobile_nav.wishlists'}}</a>\r\n                        </li>\r\n                        <li class=\"navPage-subMenu-item\">\r\n                            <a class=\"navPage-subMenu-action navPages-action\" href=\"{{urls.account.recent_items}}\">{{lang 'account.nav.recently_viewed'}}</a>\r\n                        </li>\r\n                        <li class=\"navPage-subMenu-item\">\r\n                            <a class=\"navPage-subMenu-action navPages-action\" href=\"{{urls.account.details}}\">{{lang 'account.nav.settings'}}</a>\r\n                        </li>\r\n                    </ul>\r\n                </div>\r\n            </li>\r\n            <li class=\"navPages-item\">\r\n                <a class=\"navPages-action\" href=\"{{urls.auth.logout}}\">{{lang 'common.logout'}}</a>\r\n            </li>\r\n        {{else}}\r\n            <li class=\"navPages-item\">\r\n                <i class=\"icon\" aria-hidden=\"true\">\r\n                    <svg><use xlink:href=\"#icon-user\" /></svg>\r\n                </i>\r\n                <a class=\"navPages-action\" href=\"{{urls.auth.login}}\">{{lang 'common.login'}}</a>\r\n                {{#if settings.account_creation_enabled}}\r\n                    {{lang 'common.or'}} <a class=\"navPages-action\" href=\"{{urls.auth.create_account}}\">{{lang 'common.sign_up'}}</a>\r\n                {{/if}}\r\n            </li>\r\n        {{/if}}\r\n       \r\n    </ul>\r\n\t\r\n    <ul class=\"navPages-list navPages-mega navPages-mainNav\">\r\n\t\t    {{#each categories}}\r\n\t\t\t\t{{#if name '!=' 'Clearance'}}\r\n\t\t\t\t\t<li class=\"navPages-item\">\r\n\t\t\t\t\t\t{{> components/common/navigation-list}}\r\n\t\t\t\t\t</li>\r\n\t\t\t\t{{/if}}\r\n\t\t\t{{/each}}\r\n            <li class=\"navPages-item\">\r\n                <a class=\"navPages-action has-subMenu\" href=\"/pages/coyote-resources/\" data-collapsible=\"navPages\">Resources  \r\n\t\t\t\t\t<i class=\"icon navPages-action-moreIcon\" aria-hidden=\"true\"><svg><use xlink:href=\"#icon-chevron-down\" /></svg></i>\r\n\t\t\t\t</a>\r\n\t\t\t\t\r\n\t\t\t\t<div class=\"column-menu navPage-subMenu\" id=\"navPages\" aria-hidden=\"true\" tabindex=\"-1\">\r\n\t\t\t\t\t<ul class=\"navPage-subMenu-list\">\r\n\t\t\t\t\t\t\t<li class=\"navPage-subMenu-item\">\r\n\t\t\t\t\t\t\t\t<!--<i class=\"icon navPages-action-moreIcon\" aria-hidden=\"true\"><svg><use xlink:href=\"#icon-chevron-right\" /></svg></i>-->\r\n\t\t\t\t\t\t\t\t<a style=\"text-transform:none\" class=\"navPage-subMenu-action navPages-action\" href=\"/coyote-grills-catalog/\">Coyote Grills Catalog</a>\r\n\t\t\t\t\t\t\t</li>\r\n\t\t\t\t\t\t\t<li class=\"navPage-subMenu-item\">\r\n\t\t\t\t\t\t\t\t<!--<i class=\"icon navPages-action-moreIcon\" aria-hidden=\"true\"><svg><use xlink:href=\"#icon-chevron-right\" /></svg></i>-->\r\n\t\t\t\t\t\t\t\t<a style=\"text-transform:none\" class=\"navPage-subMenu-action navPages-action\" href=\"/pages/coyote-grills-comparison-chart/\">Coyote Grills Comparison Chart</a>\r\n\t\t\t\t\t\t\t</li>\r\n\t\t\t\t\t\t\t<li class=\"navPage-subMenu-item\">\r\n\t\t\t\t\t\t\t\t<!--<i class=\"icon navPages-action-moreIcon\" aria-hidden=\"true\"><svg><use xlink:href=\"#icon-chevron-right\" /></svg></i>-->\r\n\t\t\t\t\t\t\t\t<a style=\"text-transform:none\" class=\"navPage-subMenu-action navPages-action\" href=\"/coyote-grills-buying-guide/\">Coyote Grills Buying Guide</a>\r\n\t\t\t\t\t\t\t</li>\r\n\t\t\t\t\t\t\t<li class=\"navPage-subMenu-item\">\r\n\t\t\t\t\t\t\t\t<!--<i class=\"icon navPages-action-moreIcon\" aria-hidden=\"true\"><svg><use xlink:href=\"#icon-chevron-right\" /></svg></i>-->\r\n\t\t\t\t\t\t\t\t<a style=\"text-transform:none\" class=\"navPage-subMenu-action navPages-action\" href=\"/rta-outdoor-kitchen-buying-guide/\">RTA Outdoor Kitchen Buying Guide</a>\r\n\t\t\t\t\t\t\t</li>\r\n\t\t\t\t\t\t\t<li class=\"navPage-subMenu-item\">\r\n\t\t\t\t\t\t\t\t<!--<i class=\"icon navPages-action-moreIcon\" aria-hidden=\"true\"><svg><use xlink:href=\"#icon-chevron-right\" /></svg></i>-->\r\n\t\t\t\t\t\t\t\t<a style=\"text-transform:none\" class=\"navPage-subMenu-action navPages-action\" href=\"/grilling-videos/\">Grilling Videos</a>\r\n\t\t\t\t\t\t\t<li class=\"navPage-subMenu-item\">\r\n\t\t\t\t\t\t\t\t<!--<i class=\"icon navPages-action-moreIcon\" aria-hidden=\"true\"><svg><use xlink:href=\"#icon-chevron-right\" /></svg></i>-->\r\n\t\t\t\t\t\t\t\t<a style=\"text-transform:none\" class=\"navPage-subMenu-action navPages-action\" href=\"/warranty/\">Warranty</a>\r\n\t\t\t\t\t\t\t</li>\r\n\t\t\t\t\t</ul>\r\n\t\t\t\t</div>\r\n\t\t\t\t\r\n\t\t\t\t\r\n\t\t\t\t\r\n            </li>\r\n\t\t\r\n\t\t\r\n\t\t\r\n            <li class=\"navPages-item\">\r\n\t\t\t\t<a class=\"navPages-action\" href=\"/coyote-grills-promotions/\">Promotions</a>\r\n            </li>\r\n        \r\n\t\t\r\n\t\t\r\n\t\t\r\n       {{#if theme_settings.show_content_navigation}}\r\n             {{#each pages}}\r\n                {{#or (if name '===' 'BUILDERS / PRO SERVICES') (if name '===' 'Sale') }}\r\n                    <li class=\"navPages-item{{#if @index '===' 0}} navPages-item--content-first{{/if}}\">\r\n                    {{#is name \"BUILDERS / PRO SERVICES\"}}\r\n                        <a class=\"navPages-action{{#if is_active}} activePage{{/if}}\" href=\"{{url}}\">Builders</a>\r\n                    {{else}}\r\n                        {{> components/common/navigation-list}}\r\n                    {{/is}}\r\n                     </li>\r\n                 {{/or}}\r\n             {{/each}}\r\n         {{/if}}  \r\n           \r\n\t\t   <li class=\"navPages-item\">\r\n\t\t\t\t<a class=\"navPages-action\" style=\"color:red;\" href=\"/clearance/\">Clearance</a>\r\n            </li>\r\n    </ul>\r\n\t\r\n\t\r\n\t\r\n\t\r\n\t\r\n\t\r\n\t\r\n    <!--<ul class=\"navPages-list navPages-mega navPages-mainNav-1\">\r\n\t\r\n       {{#if currency_selector.currencies.length '>' 1}}\r\n            <li class=\"navPages-item navPages-item--currency\">\r\n                <a class=\"navPages-action has-subMenu\" href=\"#\" data-collapsible=\"navPages-currency\" aria-controls=\"navPages-currency\" aria-expanded=\"false\">\r\n                    {{lang 'common.currency' code=currency_selector.active_currency_code}} <i class=\"icon navPages-action-moreIcon\" aria-hidden=\"true\"><svg><use xmlns:xlink=\"http://www.w3.org/1999/xlink\" xlink:href=\"#icon-chevron-down\"></use></svg></i>\r\n                </a>\r\n                <div class=\"navPage-subMenu\" id=\"navPages-currency\" aria-hidden=\"true\" tabindex=\"-1\">\r\n                    <ul class=\"navPage-subMenu-list\">\r\n                        {{#each currency_selector.currencies}}\r\n                        <li class=\"navPage-subMenu-item\">\r\n                            <a class=\"navPage-subMenu-action navPages-action\" href=\"{{{switch_url}}}\">\r\n                                {{#if is_active}}\r\n                                    <strong>{{name}}</strong>\r\n                                {{else}}\r\n                                    {{name}}\r\n                                {{/if}}\r\n                            </a>\r\n                        </li>\r\n                        {{/each}}\r\n                    </ul>\r\n                </div>\r\n            </li>\r\n        {{/if}}\r\n\t\r\n\t</ul>-->\r\n\t\r\n\t\r\n\t\r\n    <ul class=\"navPages-list navPages-list--user\">\r\n        {{#and settings.phone_number theme_settings.header-phone}}\r\n            <li class=\"navPages-item\">\r\n                <a class=\"navPages-action navUser-action--phone\" href=\"tel:{{settings.phone_number}}\"><i class=\"fa fa-phone\" aria-hidden=\"true\"></i>&nbsp;{{settings.phone_number}}</a>\r\n            </li>\r\n        {{/and}}\r\n        {{#if settings.gift_certificates_enabled}}\r\n            <li class=\"navPages-item\">\r\n                <a class=\"navPages-action\" href=\"{{urls.gift_certificate.purchase}}\">{{lang 'common.gift_cert'}}</a>\r\n            </li>\r\n        {{/if}}\r\n        {{#if customer.store_credit.value '>' 0}}\r\n            <li class=\"navPages-item\">\r\n                <a class=\"navPages-action navPages-action--storeCredit\">\r\n                    {{lang 'common.store_credit_overview' credit=customer.store_credit.formatted}}\r\n                </a>\r\n            </li>\r\n        {{/if}}\r\n        {{#if theme_settings.product_list_display_mode '==' 'list'}}\r\n            <li class=\"navPages-item\">\r\n                <a class=\"navPages-action navPages-action--compare\" href=\"{{urls.compare}}\" data-compare-nav>{{lang 'common.compare'}} <span class=\"countPill countPill--positive countPill--alt\"></span></a>\r\n            </li>\r\n        {{/if}}\r\n        {{#if theme_settings.social_icon_placement_top}}\r\n            <li class=\"navPages-item\">\r\n                {{> components/common/social-links}}\r\n            </li>\r\n        {{/if}}\r\n    </ul>\r\n</nav>\r\n","store-custom/layout/base-script":" <!-- sidebar filter tweak -->\r\n        <script>\r\n            var _styleSideBar = `\r\n                    <style>\r\n                        .categoryID-24 { display:none!important; }\r\n                        .fresh_filter .BlockContent ul { max-height: 100%; }\r\n                        /*\r\n                        .page-sidebar{ width:100%; }\r\n                        .page-content { width:100%; }\r\n                        .filter_form{ display: flex !important;}\r\n                        .fresh_filter .BlockContent ul { max-height: 100%; display: flex; }\r\n                         .fresh_filter .BlockContent ul li { margin:0px 5px; }\r\n                         */\r\n                    </style>\r\n                `;\r\n                \r\n            $(document).ready(function(){\r\n                $(this).contents().find('body').append(_styleSideBar);  \r\n            });  \r\n        </script>\r\n<!-- sidebar filter tweak -->\n"}
