{"components/common/alert-error":"<div class=\"alertBox alertBox--error\">\n    <div class=\"alertBox-column alertBox-icon\">\n        <icon glyph=\"ic-error\" class=\"icon\" aria-hidden=\"true\"><svg xmlns=\"http://www.w3.org/2000/svg\" width=\"24\" height=\"24\" viewBox=\"0 0 24 24\"><path d=\"M12 2C6.48 2 2 6.48 2 12s4.48 10 10 10 10-4.48 10-10S17.52 2 12 2zm1 15h-2v-2h2v2zm0-4h-2V7h2v6z\"></path></svg></icon>\n    </div>\n    <p class=\"alertBox-column alertBox-message\">\n        <span>{{{this}}}</span>\n    </p>\n</div>\n","components/common/alert-success":"<div class=\"alertBox alertBox--success\">\n    <div class=\"alertBox-column alertBox-icon\">\n        <icon glyph=\"ic-success\" class=\"icon\" aria-hidden=\"true\"><svg xmlns=\"http://www.w3.org/2000/svg\" width=\"24\" height=\"24\" viewBox=\"0 0 24 24\"><path d=\"M12 2C6.48 2 2 6.48 2 12s4.48 10 10 10 10-4.48 10-10S17.52 2 12 2zm1 15h-2v-2h2v2zm0-4h-2V7h2v6z\"></path></svg></icon>\n    </div>\n    <p class=\"alertBox-column alertBox-message\">\n        <span>{{{this}}}</span>\n    </p>\n</div>\n","components/common/forms/multiline":"<div class=\"form-field\" id=\"{{id}}\" data-validation=\"{{validation}}\">\n    <label class=\"form-label\" for=\"{{id}}_input\">{{label}}\n        {{#if required}}\n            <small>{{lang 'common.required' }}</small>\n        {{/if}}\n    </label>\n    <textarea name=\"{{name}}\" id=\"{{id}}_input\" data-label=\"{{label}}\" rows=\"{{rows}}\" aria-required=\"{{required}}\" class=\"form-input\" {{#if private_id}}data-field-type=\"{{private_id}}\"{{/if}}>{{value}}</textarea>\n</div>\n","components/common/forms/text":"<div class=\"form-field\" id=\"{{id}}\" data-validation=\"{{validation}}\" {{#if private_id}}data-type=\"{{private_id}}\"{{/if}}>\n    <label class=\"form-label\" for=\"{{id}}_input\">{{label}}\n        {{#if required}}<small>{{lang 'common.required' }}</small>{{/if}}\n    </label>\n    <input type=\"text\" id=\"{{id}}_input\" data-label=\"{{label}}\" name=\"{{name}}\" {{#if value}} value=\"{{value}}\"{{/if}} {{#if placeholder}} placeholder=\"{{placeholder}}\"{{/if}} class=\"form-input\" aria-required=\"{{required}}\" {{#if private_id}}data-field-type=\"{{private_id}}\"{{/if}} {{#if maxlength}}maxlength=\"{{maxlength}}\"{{/if}}>\n</div>\n","components/common/login-for-pricing":"<p translate>Log in for pricing</p>\n","components/common/responsive-img":"{{!--\nThis file implements the lazysizes srcset pattern (as seen on\nhttps://github.com/aFarkas/lazysizes#modern-transparent-srcset-pattern) for maximum performance on modern browsers\nand reasonable compatibility with legacy browsers.\n\nThere are a few important arguments to know about when using this component:\n`lazyload`:\n    - If set to 'lazyload+lqip', will load a low-res image which will be replaced by lazysizes - ensuring that SOME\n    content is shown immediately on page load. Without LQIP, a transparent gif will be used instead, which reduces\n    the number of requests needed to load the page, making it even faster.\n    - If set to 'lazyload', the browser will not load the full-size image at first, instead the lazysizes plugin will\n        load it progressively after page load. This improves the load speed of the page, but it should be disabled for\n        high-priority above-the-fold images.\n    - If set to 'disabled', will not attempt to lazyload the image and instead tell the browser to load it immediately.\n        Use this for high-priority images that are above the fold.\n\n`fallback_size`:\n    This is the size to use for this image in legacy browsers that do not support srcset.\n    Can be defined as a pixel bounding-box size (e.g. \"123x123) or inherent width (e.g. \"123w\").\n\n`class`:\n    The CSS classes to add to the image, e.g. \"card-image\". If lazyloading is enabled, all images will have the\n    \"lazyload\" class so that lazysizes will target them automatically.\n\n`otherAttributes`:\n    Any other HTML attributes you want on the img tag, for example \"height='100' width='100'\"\n\n`default_image`:\n    The default image to use if `image` is undefined or falsy. Should be a theme asset, usually defined as a relative\n    path in the theme config. If a default image is not provided, you'll get an image tag with no image if the primary\n    image is undefined.\n\n`lqip_size`:\n    If you want to specify a particular size for the LQIP image, you can do so with this argument. A default of 80\n    pixels wide will be used otherwise. This argument has no effect if the lazyload mode is not \"lazyload+lqip\".\n\n--}}\n<img {{#if image}}{{!-- Get the default image for legacy browsers that do not support srcset\n--}}src=\"{{getImageSrcset image 1x=(default fallback_size '160w')}}\" alt=\"{{image.alt}}\" title=\"{{image.alt}}\" {{!--\n  Allow lazysizes to generate the 'sizes' attribute automatically --}}data-sizes=\"auto\"\n  {{#unless lazyload '==' 'disabled'}}\n    {{#if lazyload '==' 'lazyload+lqip'}}\n    {{!-- If we want a LQIP, include it as the default srcset (will be overwritten by lazysizes) --}}\n    srcset=\"{{getImageSrcset image 1x=(default lqip_size '80w')}}\"\n    {{else}}\n      {{!-- If we don't want a LQIP, use a 1px transparent gif for the stand-in image\n            This requires no additional network request, so it's fast --}}\n    srcset=\"data:image/gif;base64,R0lGODlhAQABAIAAAP///wAAACH5BAEAAAAALAAAAAABAAEAAAICRAEAOw==\"\n    {{/if}}\n{{/unless}}\n{{!-- If lazyloading is disabled, just use \"srcset\". If it is not disabled, use \"data-srcset\" so lazysizes will use\n      this after page load --}}\n{{!--\nGenerate the srcset string using the default sizes defined in the helper. This will allow the browser to\npick the best-sized image based on its own understanding of how it will render the page.\n--}}\n{{#unless lazyload '==' 'disabled'}}data-{{/unless}}srcset=\"{{getImageSrcset image use_default_sizes=true }}\"\n{{else if default_image}}src=\"{{cdn default_image}}\"{{/if}}\nclass=\"{{#unless lazyload '==' 'disabled'}}lazyload{{/unless}}{{#if class}} {{class}}{{/if}}\"\n{{#if lazyload '==' 'lazyload'}}loading=\"lazy\"{{/if}}\n{{otherAttributes}} />\n","components/common/wishlist-dropdown":"<form action=\"{{product.add_to_wishlist_url}}\" class=\"form form-wishlist form-action\" data-wishlist-add method=\"post\">\n    <a aria-controls=\"wishlist-dropdown\" aria-expanded=\"false\" class=\"button button--secondary dropdown-menu-button\" data-dropdown=\"wishlist-dropdown\">\n        <span>{{lang 'account.wishlists.add_item'}}</span>\n        <i aria-hidden=\"true\" class=\"icon\">\n            <svg>\n                <use xlink:href=\"#icon-chevron-down\" />\n            </svg>\n        </i>\n    </a>\n    <ul aria-hidden=\"true\" class=\"dropdown-menu\" data-dropdown-content id=\"wishlist-dropdown\" tabindex=\"-1\">\n        {{#if customer.wishlists}} {{#each customer.wishlists}}\n        <li>\n            <input class=\"button {{#if this.num_items '!==' '0'}}button--has-items{{/if}}\" formaction=\"{{this.add_url}}&product_id={{../product.id}}\"\n                type=\"submit\" value=\"{{this.name}}\">\n        </li>\n        {{/each}} {{else}}\n        <li>\n            <input class=\"button\" type=\"submit\" value=\"{{lang 'account.wishlists.add_to_default'}}\">\n        </li>\n        {{/if}}\n        <li>\n            <a data-wishlist class=\"button\" href=\"/wishlist.php?action=addwishlist&product_id={{product.id}}\">{{lang 'account.wishlists.create_new'}}</a>\n        </li>\n    </ul>\n</form>\n","components/products/add-to-cart":"<div style=\"border:none;text-align:center;\" class=\"form-field form-field--increments\">\n    <label style=\"font-size:1rem;position: unset;\" class=\"form-label form-label--alternate\"\n           for=\"qty[]\">Quantity</label>\n\n   <div class=\"form-increment\" data-quantity-change>\n        <button class=\"button button--icon\" data-action=\"dec\" type=\"button\">\n            <span class=\"is-srOnly\">{{lang 'products.quantity_decrease'}}</span>\n            <i class=\"icon\" aria-hidden=\"true\">\n                <svg>\n                    <use xlink:href=\"#icon-keyboard-arrow-down\"/>\n                </svg>\n            </i>\n        </button>\n        <input class=\"form-input form-input--incrementTotal\"\n               id=\"qty[]\"\n               name=\"qty[]\"\n               type=\"tel\"\n               value=\"{{#if product.min_purchase_quantity}}{{product.min_purchase_quantity}}{{else}}1{{/if}}\"\n               data-quantity-min=\"{{product.min_purchase_quantity}}\"\n               data-quantity-max=\"{{product.max_purchase_quantity}}\"\n               min=\"1\"\n               pattern=\"[0-9]*\"\n               aria-live=\"polite\">\n        <button class=\"button button--icon\" data-action=\"inc\" type=\"button\">\n            <span class=\"is-srOnly\">{{lang 'products.quantity_increase'}}</span>\n            <i class=\"icon\" aria-hidden=\"true\">\n                <svg>\n                    <use xlink:href=\"#icon-keyboard-arrow-up\"/>\n                </svg>\n            </i>\n        </button>\n    </div>\n</div>\n\n{{#or product.min_purchase_quantity product.max_purchase_quantity}}\n    <div class=\"min-max-purchase\">\n{{/or}}\n{{#if product.min_purchase_quantity}}\n<div>\n    <dt class=\"productView-info-name\">{{lang 'products.min_purchase_quantity'}}</dt>\n    <dd class=\"productView-info-value\">{{lang 'products.purchase_units' quantity=product.min_purchase_quantity}}</dd>\n</div>\n{{/if}}\n{{#if product.max_purchase_quantity}}\n<div>\n    <dt class=\"productView-info-name\">{{lang 'products.max_purchase_quantity'}}</dt>\n    <dd class=\"productView-info-value\">{{lang 'products.purchase_units' quantity=product.max_purchase_quantity}}</dd>\n</div>\n{{/if}}\n{{#or product.min_purchase_quantity product.max_purchase_quantity}}\n    </div>\n{{/or}}\n\n<div class=\"alertBox productAttributes-message\" style=\"display:none\">\n    <div class=\"alertBox-column alertBox-icon\">\n        <icon glyph=\"ic-success\" class=\"icon\" aria-hidden=\"true\"><svg xmlns=\"http://www.w3.org/2000/svg\" width=\"24\" height=\"24\" viewBox=\"0 0 24 24\"><path d=\"M12 2C6.48 2 2 6.48 2 12s4.48 10 10 10 10-4.48 10-10S17.52 2 12 2zm1 15h-2v-2h2v2zm0-4h-2V7h2v6z\"></path></svg></icon>\n    </div>\n    <p class=\"alertBox-column alertBox-message\"></p>\n</div>\n{{#or customer (if theme_settings.restrict_to_login '!==' true)}}\n    <div class=\"form-action\">\n        <input id=\"form-action-addToCart\" data-wait-message=\"{{lang 'products.adding_to_cart'}}\" class=\"button button--primary\" type=\"submit\"\n            value=\"{{#if product.pre_order}}{{lang 'products.pre_order'}}{{else}}{{lang 'products.add_to_cart'}}{{/if}}\">\n    </div>\n\t\n    <div class=\"form-action\">\n\t{{#if product.pre_order}}{{lang 'products.pre_order'}}{{else}}\n        <a style=\"background-color:#ccc;color:#4e4e4e;max-height:40px;padding:10px 0;border:1px solid #ccc\" id=\"form-action-addToCart\" data-wait-message=\"{{lang 'products.adding_to_cart'}}\" class=\"test-check button button--primary\"\n           > Buy with &nbsp;<img style=\"max-height:21px\" src=\"https://store-xjh9r1tm85.mybigcommerce.com/content/paypal.png\"/></a>\n\t\t\t{{/if}}\n    </div>\n    \n\n{{/or}}\n\n\n\n\n<script>$(document).ready(function(){\n  $(\".test-check\").click(function(){\n  \n if (($(\".form-select\").val() > 0) && ($(\".form-field:last-child .form-select\").val() >0)){\n \n\t location.href='/cart.php?action=buy&sku=' + $(\".productSKU .productView-info-value\").text();\n \n }\n \n else if ($(\".form-select\").val() === undefined) {\n     \n     location.href='/cart.php?action=buy&sku=' + $(\".productSKU .productView-info-value\").text();\n     \n }\n else{\n      $('#form-action-addToCart').trigger('click');\n     \n }\n \n \n  });\n});\n</script>\n","components/products/bulk-discount-rates":"{{#if bulk_discount_rates.length}}\n    <div class=\"productView-info-bulkPricing\">\n        {{#if product}}<dt class=\"productView-info-bulkPricing-name\">{{lang 'products.bulk_pricing.title'}}</dt>{{/if}}\n        <dd class=\"productView-info-value\">\n            <p>{{lang 'products.bulk_pricing.instructions'}}</p>\n            <ul>\n                {{#each bulk_discount_rates}}\n                <li>\n                    {{lang 'products.bulk_pricing.range' min=min max=max}}\n                    {{#if type '===' 'percent'}}\n                    {{lang 'products.bulk_pricing.percent' discount=discount.formatted}}\n                    {{else if type '===' 'fixed'}}\n                    {{lang 'products.bulk_pricing.fixed' discount=discount.formatted}}\n                    {{else if type '===' 'price'}}\n                    {{lang 'products.bulk_pricing.price' discount=discount.formatted}}\n                    {{/if}}\n                </li>\n                {{/each}}\n            </ul>\n        </dd>\n    </div>\n{{/if}}\n","components/products/modals/writeReview":"<div id=\"modal-review-form\" class=\"modal\" data-reveal>\n    {{inject 'reviewRating' (lang 'forms.validate.reviews.rating')}}\n    {{inject 'reviewSubject' (lang 'forms.validate.reviews.title')}}\n    {{inject 'reviewComment' (lang 'forms.validate.reviews.comment')}}\n    {{inject 'reviewEmail' (lang 'forms.validate.common.email_address')}}\n    <div class=\"modal-header\">\n        <h2 class=\"modal-header-title\">{{lang 'products.reviews.write_a_review'}}</h2>\n        <a href=\"#\" class=\"modal-close\" aria-label=\"{{lang 'common.close'}}\" role=\"button\">\n            <span aria-hidden=\"true\">&#215;</span>\n        </a>\n    </div>\n    <div class=\"modal-body\">\n        <div class=\"writeReview-productDetails\">\n            <div class=\"writeReview-productImage-container\">\n                <img class=\"lazyload\" data-sizes=\"auto\" src=\"{{cdn 'img/loading.svg'}}\" data-src=\"{{getImage product.main_image 'product_size' (cdn theme_settings.default_image_product)}}\">\n            </div>\n            <h6 class=\"product-brand\">{{ product.brand.name }}</h6>\n            <h5 class=\"product-title\">{{ product.title }}</h5>\n        </div>\n        <form class=\"form writeReview-form\" action=\"{{ urls.product.post_review }}\" method=\"post\">\n            <fieldset class=\"form-fieldset\">\n                <div class=\"form-field\">\n                    <label class=\"form-label\" for=\"rating-rate\">{{lang 'products.reviews.rating_label'}}\n                        <small>{{lang 'common.required' }}</small>\n                    </label>\n                    <!-- Stars -->\n                    <!-- TODO: Review Stars need to be componentised, both for display and input -->\n                    <select id=\"rating-rate\" class=\"form-select\" name=\"revrating\">\n                        <option value=\"\">{{lang 'products.reviews.select_rating'}}</option>\n                        {{#for 1 5}}\n                            {{#if ../product.reviews.selected_rating '===' $index}}\n                                <option selected value=\"{{$index}}\">{{lang (concat 'products.reviews.rating.' $index) }}</option>\n                            {{else}}\n                                <option value=\"{{$index}}\">{{lang (concat 'products.reviews.rating.' $index) }}</option>\n                            {{/if}}\n                        {{/for}}\n                    </select>\n                </div>\n\n                <!-- Name -->\n                {{#if product.reviews.author}}\n                    {{> components/common/forms/text id=\"revfromname\" name=\"revfromname\" label=(lang 'products.reviews.form_write.name') value=product.reviews.author}}\n                {{else}}\n                    {{> components/common/forms/text id=\"revfromname\" name=\"revfromname\" label=(lang 'products.reviews.form_write.name') value=customer.name}}\n                {{/if}}\n\n                {{#if product.reviews.show_review_email}}\n                    <!-- Email -->\n                    {{#if product.reviews.email}}\n                        {{> components/common/forms/text id=\"email\" name=\"email\" required=\"false\" label=(lang 'products.reviews.form_write.email') value=product.reviews.email}}\n                    {{else}}\n                        {{> components/common/forms/text id=\"email\" name=\"email\" required=\"false\" label=(lang 'products.reviews.form_write.email') value=customer.email}}\n                    {{/if}}\n                {{/if}}\n\n                <!-- Review Subject -->\n                {{> components/common/forms/text id=\"revtitle\" name=\"revtitle\" required=\"true\" label=(lang 'products.reviews.form_write.subject') value=product.reviews.title}}\n\n                <!-- Comments -->\n                {{> components/common/forms/multiline id=\"revtext\" name=\"revtext\" required=\"true\" label=(lang 'products.reviews.form_write.comments') value=product.reviews.text}}\n\n                {{{product.reviews.recaptcha.markup}}}\n\n                <div class=\"form-field\">\n                    <input type=\"submit\" class=\"button button--primary\"\n                           value=\"{{lang 'products.reviews.form_write.submit_value' }}\">\n                </div>\n                <input type=\"hidden\" name=\"product_id\" value=\"{{ product.id }}\">\n                <input type=\"hidden\" name=\"action\" value=\"post_review\">\n                {{#if product.reviews.throttleToken}}<input type=\"hidden\" name=\"throttleToken\" value=\"{{product.reviews.throttleToken}}\">{{/if}}\n            </fieldset>\n        </form>\n    </div>\n</div>\n\n\n\n\n","components/products/price":"{{!-- There are 2 code paths for generating the PDP pricing HTML determined by the following #and condition. \nIf a 'price_range' exists then we generate all HTML in price-range.html, otherwise it is defined here. Both code\npaths generate the same HTML structure with some differences in whether that element is displayed by default (css styling).\n\nIf you are making a change here or in price-range.html, you probably want to make that change in both files. --}}\n\n    {{#if page_type '===' 'product'}}\n         <div class=\"price-section price-section--saving price\" {{#unless price.saved}}style=\"display: none;\"{{/unless}}>\n                 <span style=\"color: #fff;background: #de0101;padding: 6px 6px 6px 10px;font-size: 14px;font-weight: 700!important;margin-right: -5px;\">Save</span>  <span style=\"padding: 7px 10px 6px 0;\" data-product-price-saved class=\"price price--saving\">\n                     {{price.saved.formatted}}\n                </span>\n         </div>\n    {{/if}}\n{{#and price.price_range (if theme_settings.price_ranges '==' true)}}\n    {{> components/products/price-range price=price schema_org=schema_org}}\n{{else}}\n    {{#if price.with_tax}}\n        <div class=\"price-section price-section--withTax\" {{#if schema_org}}itemprop=\"offers\" itemscope itemtype=\"http://schema.org/Offer\"{{/if}}>\n            <span class=\"price-section price-section--withTax non-sale-price--withTax\" {{#unless price.non_sale_price_with_tax}}style=\"display: none;\"{{/unless}}>\n                <span data-product-non-sale-price-with-tax class=\"price price--non-sale\">\n                    {{price.non_sale_price_with_tax.formatted}}\n                </span>\n            </span>\n            <span data-product-price-with-tax class=\"price\">{{price.with_tax.formatted}}</span>\n            {{#if price.rrp_with_tax}}\n                <span data-product-rrp-with-tax class=\"price price--rrp\"> {{price.rrp_with_tax.formatted}}</span>\n            {{/if}}\n            {{#if schema_org}}\n                <meta itemprop=\"availability\" itemtype=\"http://schema.org/ItemAvailability\" \n                \tcontent=\"http://schema.org/{{#if product.pre_order}}PreOrder{{else if product.out_of_stock}}OutOfStock{{else if product.can_purchase '===' false}}OutOfStock{{else}}InStock{{/if}}\">\n                <meta itemprop=\"itemCondition\" itemtype=\"http://schema.org/OfferItemCondition\" content=\"http://schema.org/{{product.condition}}Condition\">\n                <meta itemprop=\"priceCurrency\" content=\"{{currency_selector.active_currency_code}}\">\n                <meta itemprop=\"url\" content=\"{{product.url}}\">\n                <div itemprop=\"priceSpecification\" itemscope itemtype=\"http://schema.org/PriceSpecification\">\n                    <meta itemprop=\"price\" content=\"{{price.with_tax.value}}\">\n                    <meta itemprop=\"priceCurrency\" content=\"{{currency_selector.active_currency_code}}\">\n                    <meta itemprop=\"valueAddedTaxIncluded\" content=\"true\">\n                </div>\n            {{/if}}\n            {{#if price.without_tax}}\n                <abbr title=\"{{lang 'products.including_tax'}}\">{{lang 'products.price_with_tax' tax_label=price.tax_label}}</abbr>\n            {{/if}}\n        </div>\n    {{/if}}\n    {{#if price.without_tax}}\n        <div class=\"price-section price-section--withoutTax {{#if price.with_tax}}price-section--minor{{/if}}\"  {{#if schema_org}}itemprop=\"offers\" itemscope itemtype=\"http://schema.org/Offer\"{{/if}}>\n             \n            <span class=\"price-section price-section--withoutTax non-sale-price--withoutTax{{#if price.with_tax}} price-section--minor{{/if}}\" {{#unless price.non_sale_price_without_tax}}style=\"display: none;\"{{/unless}}>\n                <span data-product-non-sale-price-without-tax class=\"price price--non-sale\">\n                    {{price.non_sale_price_without_tax.formatted}}\n                </span>\n            </span>\n            <span data-product-price-without-tax class=\"price price--withoutTax\">{{price.without_tax.formatted}}</span>\n\t\t\t{{#if price.rrp_with_tax}}\n                <span data-product-rrp-without-tax class=\"price price--rrp\">{{price.rrp_without_tax.formatted}}</span>\n            {{/if}}\n            {{#if schema_org}}\n                <meta itemprop=\"availability\" itemtype=\"http://schema.org/ItemAvailability\"\n                    content=\"http://schema.org/{{#if product.pre_order}}PreOrder{{else if product.out_of_stock}}OutOfStock{{else if product.can_purchase '===' false}}OutOfStock{{else}}InStock{{/if}}\">\n                <meta itemprop=\"itemCondition\" itemtype=\"http://schema.org/OfferItemCondition\" content=\"http://schema.org/{{product.condition}}Condition\">\n                <meta itemprop=\"priceCurrency\" content=\"{{currency_selector.active_currency_code}}\">\n                <meta itemprop=\"url\" content=\"{{product.url}}\">\n                <div itemprop=\"priceSpecification\" itemscope itemtype=\"http://schema.org/PriceSpecification\">\n                    <meta itemprop=\"price\" content=\"{{price.without_tax.value}}\">\n                    <meta itemprop=\"priceCurrency\" content=\"{{currency_selector.active_currency_code}}\">\n                    <meta itemprop=\"valueAddedTaxIncluded\" content=\"false\">\n                </div>\n            {{/if}}\n            {{#if price.with_tax}}\n                <abbr title=\"{{lang 'products.excluding_tax'}}\">{{lang 'products.price_without_tax' tax_label=price.tax_label}}</abbr>\n            {{/if}}\n            <!--{{#if price.rrp_without_tax}}\n                <span data-product-rrp-without-tax class=\"price price--rrp\">{{price.rrp_without_tax.formatted}}</span>\n            {{/if}}-->\n        </div>\n    {{/if}}\n{{/and}}\n","components/products/price-range":"{{#and price.retail_price_range.min.with_tax price.retail_price_range.max.with_tax}}\n    <div class=\"price-section price-section--withTax rrp-price--withTax\">\n        {{theme_settings.pdp-retail-price-label}}\n        <span data-product-rrp-price-with-tax class=\"price price--rrp\">{{price.retail_price_range.min.with_tax.formatted}} - {{price.retail_price_range.max.with_tax.formatted}}</span>\n    </div>\n{{else}}\n    {{#if price.with_tax}}\n        <div class=\"price-section price-section--withTax rrp-price--withTax\" style=\"display: none;\">\n            {{theme_settings.pdp-retail-price-label}}\n            <span data-product-rrp-with-tax class=\"price price--rrp\">\n                {{price.rrp_with_tax.formatted}}\n            </span>\n        </div>\n    {{/if}}\n{{/and}}\n{{#and price.price_range.min.with_tax price.price_range.max.with_tax}}\n    {{!-- Never display the \"non-sales price\" if there is a price range to be shown, but we do want the element on the page --}}\n    <div class=\"price-section price-section--withTax non-sale-price--withTax\" style=\"display: none;\">\n        {{theme_settings.pdp-non-sale-price-label}}\n        <span data-product-non-sale-price-with-tax class=\"price price--non-sale\">\n            {{price.non_sale_price_with_tax.formatted}}\n        </span>\n    </div>\n    <div class=\"price-section price-section--withTax\" {{#if schema_org}}itemprop=\"offers\" itemscope itemtype=\"http://schema.org/Offer\"{{/if}}>\n        <span class=\"price-label\">{{theme_settings.pdp-price-label}}</span>\n        <span class=\"price-now-label\" style=\"display: none;\">{{theme_settings.pdp-sale-price-label}}</span>\n        <span data-product-price-with-tax class=\"price price--withTax\">{{price.price_range.min.with_tax.formatted}} - {{price.price_range.max.with_tax.formatted}}</span>\n        {{#and price.price_range.min.without_tax price.price_range.max.without_tax}}\n            <abbr title=\"{{lang 'products.including_tax'}}\">{{lang 'products.price_with_tax' tax_label=price.price_range.min.tax_label}}</abbr>\n        {{/and}}\n        {{#if schema_org}}\n            <meta itemprop=\"availability\" itemtype=\"http://schema.org/ItemAvailability\"\n                    content=\"http://schema.org/{{#if product.pre_order}}PreOrder{{else if product.out_of_stock}}OutOfStock{{else if product.can_purchase '===' false}}OutOfStock{{else}}InStock{{/if}}\">\n            <meta itemprop=\"itemCondition\" itemtype=\"http://schema.org/OfferItemCondition\" content=\"http://schema.org/{{product.condition}}Condition\">\n            <meta itemprop=\"priceCurrency\" content=\"{{currency_selector.active_currency_code}}\">\n            <meta itemprop=\"url\" content=\"{{product.url}}\">\n            <div itemprop=\"priceSpecification\" itemscope itemtype=\"http://schema.org/PriceSpecification\">\n                <meta itemprop=\"minPrice\" content=\"{{price_range.min.with_tax.value}}\"  />\n                <meta itemprop=\"price\" content=\"{{price_range.min.with_tax.value}}\">\n                <meta itemprop=\"maxPrice\" content=\"{{price_range.max.with_tax.value}}\"  />\n                <meta itemprop=\"priceCurrency\" content=\"{{currency_selector.active_currency_code}}\">\n                <meta itemprop=\"valueAddedTaxIncluded\" content=\"true\">\n            </div>\n        {{/if}}\n    </div>\n{{/and}}\n{{#and price.retail_price_range.min.without_tax price.retail_price_range.max.without_tax}}\n    <div class=\"price-section price-section--withoutTax rrp-price--withoutTax{{#if price.with_tax}} price-section--minor{{/if}}\">\n        {{theme_settings.pdp-retail-price-label}}\n        <span data-product-rrp-price-without-tax class=\"price price--rrp\">{{price.retail_price_range.min.without_tax.formatted}} - {{price.retail_price_range.max.without_tax.formatted}}</span>\n    </div>\n{{else}}\n    {{#if price.without_tax}}\n        <div class=\"price-section price-section--withoutTax rrp-price--withoutTax{{#if price.with_tax}} price-section--minor{{/if}}\" style=\"display: none;\">\n            {{theme_settings.pdp-retail-price-label}}\n            <span data-product-rrp-price-without-tax class=\"price price--rrp\">\n                {{price.rrp_without_tax.formatted}}\n            </span>\n        </div>\n    {{/if}}\n{{/and}}\n{{#and price.price_range.min.without_tax price.price_range.max.without_tax}}\n    {{!-- Never display the \"non-sales price\" if there is a price range to be shown, but we do want the element on the page --}}\n    <div class=\"price-section price-section--withoutTax non-sale-price--withoutTax{{#if price.with_tax}} price-section--minor{{/if}}\" style=\"display: none;\">\n        {{theme_settings.pdp-non-sale-price-label}}\n        <span data-product-non-sale-price-without-tax class=\"price price--non-sale\">\n            {{price.non_sale_price_without_tax.formatted}}\n        </span>\n    </div>\n    <div class=\"price-section price-section--withoutTax{{#and price_range.min.with_tax price_range.max.with_tax}} price-section--minor{{/and}}\" {{#if schema_org}}itemprop=\"offers\" itemscope itemtype=\"http://schema.org/Offer\"{{/if}}>\n        <span class=\"price-label\">{{theme_settings.pdp-price-label}}</span>\n        <span class=\"price-now-label\" style=\"display: none;\">{{theme_settings.pdp-sale-price-label}}</span>\n        <span data-product-price-without-tax class=\"price price--withoutTax\">{{price.price_range.min.without_tax.formatted}} - {{price.price_range.max.without_tax.formatted}}</span>\n        {{#and price.price_range.min.with_tax price.price_range.max.with_tax}}\n            <abbr title=\"{{lang 'products.excluding_tax'}}\">{{lang 'products.price_without_tax' tax_label=price.price_range.min.tax_label}}</abbr>\n        {{/and}}\n        {{#if schema_org}}\n            <meta itemprop=\"availability\" itemtype=\"http://schema.org/ItemAvailability\"\n                    content=\"http://schema.org/{{#if product.pre_order}}PreOrder{{else if product.out_of_stock}}OutOfStock{{else if product.can_purchase '===' false}}OutOfStock{{else}}InStock{{/if}}\">\n            <meta itemprop=\"itemCondition\" itemtype=\"http://schema.org/OfferItemCondition\" content=\"http://schema.org/{{product.condition}}Condition\">\n            <meta itemprop=\"priceCurrency\" content=\"{{currency_selector.active_currency_code}}\">\n            <meta itemprop=\"url\" content=\"{{product.url}}\">\n            <div itemprop=\"priceSpecification\" itemscope itemtype=\"http://schema.org/PriceSpecification\">\n                <meta itemprop=\"minPrice\" content=\"{{price.price_range.min.without_tax.value}}\"  />\n                <meta itemprop=\"price\" content=\"{{price.price_range.min.without_tax.value}}\">\n                <meta itemprop=\"maxPrice\" content=\"{{price.price_range.max.without_tax.value}}\"  />\n                <meta itemprop=\"priceCurrency\" content=\"{{currency_selector.active_currency_code}}\">\n                <meta itemprop=\"valueAddedTaxIncluded\" content=\"false\">\n            </div>\n        {{/if}}\n    </div>\n{{/and}}\n\n{{!-- Never display the \"saving price\" element by default if there is a price range on the page to be shown --}}\n{{#if page_type '===' 'product'}}\n     <div class=\"price-section price-section--saving price\" style=\"display: none;\">\n            <span class=\"price\">{{lang 'products.you_save_opening_text'}}</span>\n            <span data-product-price-saved class=\"price price--saving\">\n                {{price.saved.formatted}}\n            </span>\n            <span class=\"price\">{{lang 'products.you_save_closing_bracket'}}</span>\n     </div>\n{{/if}}\n","components/products/product-view":"\n\t\t\t<div class=\"carttofloat\">\n\n{{#each product.reviews.messages}}\n    {{#if error}}\n        {{> components/common/alert-error error}}\n    {{/if}}\n    {{#if success}}\n        {{> components/common/alert-success success}}\n    {{/if}}\n{{/each}}\n <style>\n.form-label--inlineSmall small{display:none}\n.form-field--increments{margin:10px auto 20px auto !important;}\n.productView-options .form-field{position:relative;text-align: left;margin:10px auto;border:1px solid #ccc;max-width:90%;width:100%;}\n\n.productView-options .form-field:last-child{}\n.form-select--small{background-position: right 0.5rem top 1.3rem;max-width:100%;z-index: 2;width: 100%;height: 100%;padding-right: 1.75rem;border:none;box-shadow: 0 1px 2px 0 rgba(0,0,0,0.15);    padding: 2rem 0.625rem 0.375rem;background-color:transparent;font-size: 14px;font-weight: normal;} \n.form-label--alternate{font-family: 'Libre Franklin', sans-serif !important;margin-bottom: 0;position: absolute;top: 2px;left: 0.625rem;font-size: 14px;font-weight: normal;}\n#form-action-addToCart{background: #88C541;border:1px solid #88C541;text-transform:none;font-size: 18px;}\n#form-action-addToCart:hover{background: #88C541;border:1px solid #000 !important;text-transform:none;font-size: 18px;}\n.share-buttons--button{display:inline-block}\n.share-buttons--button svg{color:#fff;display: block;\n    width: 100%;\n    height: 100%;}\n.share-buttons--facebook{background-color: #425dab;border-radius: 100%;    width: 24px;\n    height: 24px;}\n.share-buttons--twitter {\n    background-color: #1da1f2;border-radius: 100%;    width: 24px;\n    height: 24px;\n}\n.share-buttons--google {\n    background-color: #db4437;border-radius: 100%;    width: 24px;\n    height: 24px;\n}\n.share-buttons--linkedin {\n    background-color: #0077b5;border-radius: 100%;    width: 24px;\n    height: 24px;\n}\n.share-buttons--pinterest {\n    background-color: #bd1c1c;border-radius: 100%;    width: 24px;\n    height: 24px;\n}\n.visually-hidden {\n    position: absolute !important;\n    width: 1px;\n    height: 1px;\n    padding: 0;\n    margin: -1px; \n    overflow: hidden;\n    clip: rect(1px, 1px, 1px, 1px);\n    border: 0;\n}\n\n.share-buttons--list{text-align: left;\n    width: 90%;\n    margin: 0 auto}\n\t\n.share-buttons--list h5{margin:0;text-transform:none;}\n</style>\n<div class=\"productView\" {{#if settings.data_tag_enabled}} data-event-type=\"product\" data-entity-id=\"{{product.id}}\" data-name=\"{{product.title}}\" data-product-category=\"{{#each product.category}}{{#if @last}}{{this}}{{else}}{{this}}, {{/if}}{{/each}}\" data-product-brand=\"{{product.brand.name}}\" data-product-price=\"{{#if product.price.with_tax}}{{product.price.with_tax.value}}{{else}}{{product.price.without_tax.value}}{{/if}}\" data-product-variant=\"single-product-option\"{{/if}}>\n  \n        <section class=\"productView-images\" data-image-gallery>\n        {{!--\n            Note that these image sizes are coupled to image sizes used in /assets/js/theme/common/product-details.js\n            for variant/rule image replacement\n        --}}\n        <figure class=\"productView-image\"\n                data-image-gallery-main\n                {{#if product.main_image}}\n                data-zoom-image=\"{{getImageSrcset product.main_image (cdn theme_settings.default_image_product) 1x=theme_settings.zoom_size }}\"\n                {{/if}}\n                >\n            <div class=\"productView-img-container\">\n                {{!-- Remove the surrounding a-element if there is no main image. --}}\n                {{#if product.main_image}}\n                    <a href=\"{{getImageSrcset product.main_image (cdn theme_settings.default_image_product) 1x=theme_settings.zoom_size}}\"\n                        target=\"_blank\"{{#if schema}} itemprop=\"image\"{{/if}}>\n                {{/if}}\n                {{> components/common/responsive-img\n                    image=product.main_image\n                    class=\"productView-image--default\"\n                    fallback_size=theme_settings.product_size\n                    lazyload=theme_settings.lazyload_mode\n                    default_image=theme_settings.default_image_product\n                    otherAttributes=\"data-main-image\"\n                }}\n                {{!-- Remove the surrounding a-element if there is no main image. --}}\n                {{#if product.main_image}}\n                    </a>\n                {{/if}}\n            </div>\n        </figure>\n        <ul class=\"productView-thumbnails\"{{#gt product.images.length 7}} data-slick='{\n                \"infinite\": false,\n                \"mobileFirst\": true,\n                \"slidesToShow\": 7,\n                \"slidesToScroll\": 1,\n                \"dots\": false\n            }'{{/gt}}>\n            {{#each product.images}}\n                <li class=\"productView-thumbnail\">\n                    <a\n                        class=\"productView-thumbnail-link\"\n                        href=\"{{getImageSrcset this (cdn ../theme_settings.default_image_product) 1x=../theme_settings.zoom_size}}\"\n                        data-image-gallery-item\n                        data-image-gallery-new-image-url=\"{{getImageSrcset this (cdn ../theme_settings.default_image_product) 1x=../theme_settings.product_size}}\"\n                        data-image-gallery-new-image-srcset=\"{{getImageSrcset this use_default_sizes=true}}\"\n                        data-image-gallery-zoom-image-url=\"{{getImageSrcset this (cdn ../theme_settings.default_image_product) 1x=../theme_settings.zoom_size}}\"\n                    >\n                        <img class=\"lazyload\" data-sizes=\"auto\" src=\"{{cdn 'img/loading.svg'}}\" data-src=\"{{getImage this 'productview_thumb_size' (cdn ../theme_settings.default_image_product)}}\" alt=\"{{this.alt}}\" title=\"{{this.alt}}\">\n                    </a>\n                </li>\n            {{/each}}\n        </ul>\n    </section>\n    <section class=\"productView-details\">\n\t\t<div class=\"productView-desc\">\n\t\t\n\t\t<h1 class=\"productView-title main-heading\" {{#if schema}}itemprop=\"name\"{{/if}}>{{product.title}}</h1>\n\t\t<div class=\"productView-rating\"  {{#if product.num_reviews '==' 0}}alt=\"0%\" title=\"0%\"{{/if}}                       {{#if product.num_reviews '>' 0}}{{#if schema}} itemprop=\"aggregateRating\" itemscope itemtype=\"http://schema.org/AggregateRating\"{{/if}}{{/if}}>\n                {{#if settings.show_product_rating}}\n                    {{#if product.num_reviews '>' 0}}\n                        {{#if schema}}\n                            <meta itemprop=\"ratingValue\" content=\"{{product.rating}}\">\n                            <meta itemprop=\"ratingCount\" content=\"{{product.num_reviews}}\">\n                            <meta itemprop=\"reviewCount\" content=\"{{product.num_reviews}}\">\n                        {{/if}} \n                    {{/if}}\n                    {{> components/products/ratings rating=product.rating}}\n                    <span class=\"productView-reviewLink\">\n                        {{#if product.num_reviews '>' 0}}\n                            <a href=\"{{product.url}}#product-reviews\">\n                                {{lang 'products.reviews.link_to_review' total=product.num_reviews}}\n                            </a>\n                        {{else}}\n                            {{lang 'products.reviews.link_to_review' total=product.num_reviews}}\n                        {{/if}}\n                    </span>\n                {{/if}}\n\t\t\t\t {{#if settings.show_product_reviews}}\n                    <span class=\"productView-reviewLink\">\n                        <a href=\"{{product.url}}{{#if is_ajax}}#write_review{{/if}}\"\n                           {{#unless is_ajax }}data-reveal-id=\"modal-review-form\"{{/unless}}>\n                           <i class=\"icon\" aria-hidden=\"true\" style=\"position: relative; top: -1px;\">\n                                <!--<svg><use xlink:href=\"#icon-plus\" /></svg>-->\n                            </i>\n                           <strong style=\"text-decoration: underline;\">{{lang 'products.reviews.new'}}</strong>\n                        </a>\n                    </span>\n                    {{> components/products/modals/writeReview}}\n                {{/if}}\n            </div>\n\t\t\n\t\t\n                        {{#if product.sku}}\n                <div class=\"productSKU\">\n                    <dt class=\"productView-info-name sku-label\">{{lang 'products.sku'}}</dt>\n                    <dd class=\"productView-info-value\" data-product-sku{{#if schema}} itemprop=\"sku\"{{/if}}>{{product.sku}}</dd>\n                </div>\n            {{/if}}\n            {{#and product.sku product.upc}}<span style=\"position:relative; padding: 0 3px; top: -1px;\">|</span>{{/and}}\n            {{#if product.upc}}\n                <div class=\"productUPC\">\n                    <dt class=\"productView-info-name upc-label\">{{lang 'products.upc'}}</dt>\n                    <dd class=\"productView-info-value\" data-product-upc>{{product.upc}}</dd>\n                </div>\n            {{/if}}\n\t\t\t\n\t\t\t            <div class=\"quickform-request-buttons\">\n                <span class=\"productView-quoteLink request-pricelist\">\n                            <a class=\"modal-iFrame-action\" href=\"/request-free-catalog-price-list/\"  data-reveal-id=\"modal-iFrame-content\" >\n                               <strong style=\"text-decoration: underline;\">Request Free Catalog / Price List</strong>\n                            </a>\n                </span> \n                <span class=\"productView-quoteLink request-contract\">\n                            <a class=\"modal-iFrame-action\" href=\"/request-builder-commercial-discount/\"  data-reveal-id=\"modal-iFrame-content\" >\n                               <strong style=\"text-decoration: underline;\">Request Builder / Commercial Discount</strong>\n                            </a>\n                </span> \n            </div>\n\t\t\t {{{product.description}}}\n                    {{{snippet 'product_description'}}}\n\t\t\n\t\t\n\t\t</div>\n\n\t\t        \n    </section>\n\n\n<div class=\"productView-product floatingcart\">\n            {{#if page_type '===' 'product'}}\n                {{#or product.price.non_sale_price_with_tax product.price.non_sale_price_without_tax}}\n                    <div class=\"sale-flag-side\">\n                        <span class=\"sale-text\">Sale</span>\n                    </div>\n                {{/or}}\n            {{/if}}\n            {{#and product.sku product.upc}}<span style=\"position:relative; padding: 0 3px; top: -1px;\">|</span>{{/and}}\n            {{#if product.upc}}\n                <div class=\"productUPC\">\n                    <dt class=\"productView-info-name upc-label\">{{lang 'products.upc'}}</dt>\n                    <dd class=\"productView-info-value\" data-product-upc>{{product.upc}}</dd>\n                </div>\n            {{/if}}\n        \n            {{#if product.availability}}\n                <div>\n                    <dt class=\"productView-info-name\">{{lang 'products.availability'}}</dt>\n                    <dd class=\"productView-info-value\">{{product.availability}}</dd>\n                </div>\n            {{/if}}\n            \n            \n\n            \n            \n            \n            {{#if product.call_for_price}}\n                <p class=\"productView-price\">\n                    <span>{{product.call_for_price}}</span>\n                </p>\n            {{/if}}\n            <div class=\"productView-price\">\n                {{#or customer (if theme_settings.restrict_to_login '!==' true)}}\n                    {{> components/products/price price=product.price schema_org=schema}}\n                {{else}}\n                    {{> components/common/login-for-pricing}}\n                {{/or}}\n            </div>\n\n            {{#if settings.bulk_discount_enabled}}\n                {{> components/products/bulk-discount-rates bulk_discount_rates=product.bulk_discount_rates}}\n            {{/if}}\n\n            {{{region name=\"product_below_price\"}}}\n            \n\n\n\n\n\n            {{product.detail_messages}}\n\t\t\t\n\t\t\t<div class=\"productView-options\">\n            <form class=\"form\" method=\"post\" action=\"{{product.cart_url}}\" enctype=\"multipart/form-data\"\n                  data-cart-item-add>\n                <input type=\"hidden\" name=\"action\" value=\"add\">\n                <input type=\"hidden\" name=\"product_id\" value=\"{{product.id}}\"/>\n                \n                <div class=\"productView-options-wrap\" data-product-option-change style=\"display:none;\">\n                    {{#if product.options}}\n                        <div class=\"productView-options-inner\">\n                            {{#each product.options}}\n                                {{{dynamicComponent 'store-custom/components/products/options'}}}\n                            {{/each}}\n                        </div>\n                    {{/if}}\n                </div>\n                \n                {{#any product.shipping product.gift_wrapping_available product.stock_level}}\n                    <div class=\"shipping-giftWrap-stock\">\n                        {{#if product.shipping}}\n                            {{#unless product.shipping.calculated}}\n                                {{#if product.shipping.price.value '===' 0}}\n                                    <div class=\"productView-shipping productView-shipping--free\">\n                                        <dt class=\"productView-info-name hide-label\">{{lang 'products.shipping'}}</dt>\n                                        <dd class=\"productView-info-value uppercase\"><strong>{{lang 'products.shipping_free'}}</strong></dd>\n                                    </div>\n                                {{else}}\n                                    <div class=\"productView-shipping\">\n                                        <dt class=\"productView-info-name\">Fixed Shipping Cost: </dt>\n                                        <dd class=\"productView-info-value\">{{product.shipping.price.formatted}}</dd>\n                                    </div>\n                                {{/if}}\n                            {{/unless}}\n                        {{/if}}\n                        {{#if product.gift_wrapping_available}}\n                            <div class=\"productView-giftWrap\">\n                                <dt class=\"productView-info-name\">{{lang 'products.gift_wrapping'}}</dt>\n                                <dd class=\"productView-info-value\">{{lang 'products.gift_wrapping_available'}}</dd>\n                            </div>\n                        {{/if}}\n                        <div class=\"form-field--stock{{#unless product.stock_level}} u-hiddenVisually{{/unless}}\">\n                            <dt class=\"productView-info-name\">{{lang 'products.current_stock'}}</dt>\n                            <dd class=\"productView-info-value\"><span data-product-stock>{{product.stock_level}}</span></dd>\n                        </div>\n                    </div>\n                {{/any}}\n                \n                {{#if product.can_purchase}}\n                    {{> components/products/add-to-cart}}\n                {{/if}}\n                {{#if product.out_of_stock}}\n                    {{#if product.out_of_stock_message}}\n                        {{> components/common/alert-error product.out_of_stock_message}}\n                    {{else}}\n                        {{> components/common/alert-error (lang 'products.sold_out')}}\n                    {{/if}}\n                    <span class=\"button button--primary button--out-of-stock\">Out of Stock</span>\n                {{/if}}\n            </form>\n           <!-- {{#if settings.show_wishlist}}\n                {{> components/common/wishlist-dropdown}}\n            {{/if}}-->\n            {{#if product.release_date }}\n                <p>{{product.release_date}}</p>\n            {{/if}}\n        </div>\n        </div>\n        {{#and product.warranty theme_settings.show_short_desc}}\n            <div class=\"productView-warranty\">\n                {{{product.warranty}}}\n            </div>\n        {{/and}}\n</div>\n\t\t\n<div id=\"previewModal\" class=\"modal modal--large\" data-reveal>\n    <a href=\"#\" class=\"modal-close\" aria-label=\"{{lang 'common.close'}}\" role=\"button\">\n        <span aria-hidden=\"true\">&#215;</span>\n    </a>\n    <div class=\"modal-content\"></div>\n    <div class=\"loadingOverlay\"></div>\n</div>\n\n<!-- product script -->\n {{> store-custom/components/products/product-script }}\n</div>\n","components/products/ratings":"{{#for 1 5}}\n    {{#if ../this.rating '>=' $index}}\n        <span class=\"icon icon--ratingFull\">\n            <svg>\n                <use xlink:href=\"#icon-star\" />\n            </svg>\n        </span>\n    {{else}}\n        <span class=\"icon icon--ratingEmpty\">\n            <svg>\n                <use xlink:href=\"#icon-star\" />\n            </svg>\n        </span>\n    {{/if}}\n{{/for}}\n","store-custom/components/products/options/date":"<div class=\"form-field\" data-product-attribute=\"date\">\n    <label class=\"form-label form-label--alternate form-label--inlineSmall\" {{#if style}}style=\"{{style}}\" {{/if}}>\n        {{this.display_name}}:\n\n        {{#if required}}\n            <small>{{lang 'common.required'}}</small>\n        {{/if}}\n    </label>\n    <select class=\"form-select form-select--date\" name=\"attribute[{{this.id}}][month]\" {{#if required}}required{{/if}}>\n        <option value=\"\">{{lang 'common.month'}}</option>\n        {{#for 1 12}}\n            <option value=\"{{$index}}\" {{#if ../selected_date.month '==' $index}}selected=\"selected\"{{/if}}>\n                {{lang (concat 'common.short_months.' $index)}}\n            </option>\n        {{/for}}\n    </select>\n    <select class=\"form-select form-select--date\" name=\"attribute[{{this.id}}][day]\" {{#if required}}required{{/if}}>\n        <option value=\"\">{{lang 'common.day'}}</option>\n        {{#for 1 31}}\n            <option value=\"{{$index}}\" {{#if ../selected_date.day '==' $index}}selected=\"selected\"{{/if}}>\n                {{$index}}\n            </option>\n        {{/for}}\n    </select>\n    <select class=\"form-select form-select--date\" name=\"attribute[{{this.id}}][year]\" {{#if required}}required{{/if}}>\n        <option value=\"\">{{lang 'common.year'}}</option>\n        {{#for earliest_year latest_year}}\n            <option value=\"{{$index}}\" {{#if ../selected_date.year '==' $index}}selected=\"selected\"{{/if}}>\n                {{$index}}\n            </option>\n        {{/for}}\n        {{#if earliest_year '==' latest_year}}\n        <option value=\"{{earliest_year}}\" selected=\"selected\">{{earliest_year}}</option>\n        {{/if}}\n    </select>\n</div>\n","store-custom/components/products/options/input-checkbox":"<div class=\"form-field\" data-product-attribute=\"input-checkbox\">\n    <label class=\"form-label form-label--alternate form-label--inlineSmall\">\n        {{display_name}}:\n\n        {{#if required}}\n            <small>{{lang 'common.required'}}</small>\n        {{/if}}\n    </label>\n    <input type=\"hidden\" name=\"attribute[{{id}}]\" value=\"{{noValue}}\" />\n    <input\n        class=\"form-checkbox\"\n        type=\"checkbox\"\n        name=\"attribute[{{id}}]\"\n        id=\"attribute-check-{{id}}\"\n        value=\"{{value}}\"\n        {{#if checked}}\n            checked\n            data-default\n        {{/if}}\n        {{#if required}}required{{/if}}>\n\n    <label class=\"form-label {{class}}\" for=\"attribute-check-{{id}}\">{{label}}</label>\n</div>\n","store-custom/components/products/options/input-file":"<div class=\"form-field\" data-product-attribute=\"input-file\">\n    <label class=\"form-label form-label--alternate form-label--inlineSmall\" for=\"attribute_file_{{id}}\">\n        {{ this.display_name }}:\n\n        {{#if required}}\n            <small>{{lang 'common.required'}}</small>\n        {{/if}}\n    </label>\n\n    <input class=\"form-file\" type=\"file\" id=\"attribute_file_{{id}}\" name=\"attribute[{{this.id}}]\" {{#if required}}required{{/if}}>\n    {{#if original_name}}\n        {{{lang 'products.file_option_set' url=file_url name=original_name}}}\n        <label>{{lang 'cart.remove_file'}}<input type=\"checkbox\" name=\"{{file_remove}}\"></label>\n    {{/if}}\n    <p class=\"form-fileDescription\">{{#if file_size}}{{lang 'products.max_filesize'}} <strong>{{file_size}}</strong>, {{/if}}{{#if file_types}}{{lang 'products.filetypes'}} <strong>{{file_types}}</strong>{{/if}}</p>\n\n</div>\n","store-custom/components/products/options/input-numbers":"<div class=\"form-field\" data-product-attribute=\"input-number\">\n    <label class=\"form-label form-label--alternate form-label--inlineSmall\" for=\"attribute_number_{{id}}\">\n        {{ this.display_name }}:\n\n        {{#if required}}\n            <small>{{lang 'common.required'}}</small>\n        {{/if}}\n    </label>\n\n    <input class=\"form-input\" type=\"number\" id=\"attribute_number_{{id}}\" {{#unless this.integer_only}}step=\"any\"{{/unless}} name=\"attribute[{{this.id}}]\" value=\"{{this.prefill}}\" {{#if required}}required{{/if}}>\n</div>\n","store-custom/components/products/options/input-text":"<div class=\"form-field\" data-product-attribute=\"input-text\">\n    <label class=\"form-label form-label--alternate form-label--inlineSmall\" for=\"attribute_text_{{id}}\">\n        {{ this.display_name }}:\n\n        {{#if required}}\n            <small>{{lang 'common.required'}}</small>\n        {{/if}}\n    </label>\n\n    <input class=\"form-input form-input--small\" type=\"text\" id=\"attribute_text_{{id}}\" name=\"attribute[{{this.id}}]\" value=\"{{this.prefill}}\" {{#if required}}required{{/if}} {{#if max_length}}maxlength=\"{{max_length}}\"{{/if}}>\n</div>\n","store-custom/components/products/options/product-list":"<div class=\"form-field\" data-product-attribute=\"product-list\">\n    <label class=\"form-label form-label--alternate form-label--inlineSmall\">\n        {{display_name}}:\n        <span data-option-value></span>\n\n        {{#if required}}\n            <small>{{lang 'common.required'}}</small>\n        {{/if}}\n    </label>\n\n    {{#if values.0.image}}\n        <ul class=\"productOptions-list\">\n            {{#unless required}}\n                <li class=\"productOptions-list-item\">\n                    <input class=\"form-radio\"\n                           type=\"radio\"\n                           name=\"attribute[{{id}}]\"\n                           value=\"0\"\n                           id=\"attribute_productlist_0_{{id}}\"\n                           checked=\"{{#if defaultValue '==' 0}}checked{{/if}}\" required>\n                    <label class=\"form-label\" for=\"attribute_productlist_0_{{id}}\">{{lang 'products.none'}}</label>\n                </li>\n            {{/unless}}\n            {{#each values}}\n                <li class=\"productOptions-list-item\" data-product-attribute-value=\"{{id}}\">\n                    {{#if image}}\n                        <figure class=\"productOptions-list-item-figure\">\n                            <img class=\"productOptions-list-item-image lazyload\" data-sizes=\"auto\" src=\"{{cdn 'img/loading.svg'}}\" data-src=\"{{getImage image 'productthumb_size'}}\" alt=\"{{image.alt}}\" title=\"{{image.alt}}\">\n                        </figure>\n                    {{/if}}\n                    <div class=\"productOptions-list-item-content\">\n                        <input\n                            class=\"form-radio\"\n                            type=\"radio\"\n                            name=\"attribute[{{../id}}]\"\n                            value=\"{{id}}\"\n                            id=\"attribute_productlist_{{../id}}_{{id}}\"\n                            {{#if selected}}\n                                checked\n                                data-default\n                            {{/if}}\n                            {{#if ../required}}required{{/if}}>\n                        <label data-product-attribute-value=\"{{id}}\" class=\"form-label\" for=\"attribute_productlist_{{../id}}_{{id}}\">{{label}}</label>\n                    </div>\n                </li>\n            {{/each}}\n        </ul>\n    {{else}}\n        {{#unless required}}\n        <input class=\"form-radio\"\n               type=\"radio\"\n               name=\"attribute[{{id}}]\"\n               value=\"0\"\n               id=\"attribute_productlist_0_{{id}}\"\n               {{#if defaultValue '==' 0}}checked{{/if}}>\n        <label class=\"form-label\" for=\"attribute_productlist_0_{{id}}\">{{lang 'products.none'}}</label>\n        {{/unless}}\n        {{#each values}}\n            <input\n                class=\"form-radio\"\n                type=\"radio\"\n                name=\"attribute[{{../id}}]\"\n                value=\"{{id}}\"\n                id=\"attribute_productlist_{{../id}}_{{id}}\"\n                {{#if selected}}checked{{/if}}\n                {{#if ../required}}required{{/if}}>\n            <label data-product-attribute-value=\"{{id}}\" class=\"form-label\" for=\"attribute_productlist_{{../id}}_{{id}}\">{{label}}</label>\n        {{/each}}\n    {{/if}}\n</div>\n","store-custom/components/products/options/set-radio":"{{#and (if this.values.0.label '!==' '(Yes)') (if this.values.0.label '!==' '(Included)') }} \n  \n\t<div class=\"form-field\" data-product-attribute=\"set-radio\">\n\t\t<label class=\"form-label form-label--alternate form-label--inlineSmall\">\n\t\t\t{{ this.display_name }}:\n\n\t\t\t{{#if required}}\n\t\t\t\t<small>{{lang 'common.required'}}</small>\n\t\t\t{{/if}}\n\t\t</label>\n\n\t\t{{#each this.values}}\n\t\t\t<input\n\t\t\t\tclass=\"form-radio\"\n\t\t\t\ttype=\"radio\"\n\t\t\t\tid=\"attribute_radio_{{../id}}_{{id}}\"\n\t\t\t\tname=\"attribute[{{../id}}]\"\n\t\t\t\tvalue=\"{{id}}\"\n\t\t\t\t{{#if selected}}\n\t\t\t\t\tchecked\n\t\t\t\t\tdata-default\n\t\t\t\t{{/if}}\n\t\t\t\t{{#if ../required}}required{{/if}}>\n\t\t\t<label data-product-attribute-value=\"{{id}}\" class=\"form-label\" for=\"attribute_radio_{{../id}}_{{id}}\">{{this.label}}</label>\n\t\t{{/each}}\n\t</div>\n\n{{else}}\n\n\t<div class=\"form-field\" data-product-attribute=\"input-checkbox\">\n\t\t<label class=\"form-label form-label--alternate form-label--inlineSmall\">\n\t\t\t{{display_name}}:\n\t\t   \n\t\t\t{{#if required}}\n\t\t\t\t<small>{{lang 'common.required'}}</small>\n\t\t\t{{/if}}\n\t\t</label>\n\n\t\t{{#each this.values}}\n\t\t\t<input\n\t\t\t   class=\"form-checkbox\"\n\t\t\t\ttype=\"checkbox\"\n\t\t\t\tid=\"attribute_radio_{{../id}}_{{id}}\"\n\t\t\t\tname=\"attribute[{{../id}}]\"\n\t\t\t\tvalue=\"{{id}}\"\n\t\t\t\t{{#if selected}}\n\t\t\t\t\tchecked\n\t\t\t\t\tdata-default\n\t\t\t\t{{/if}}\n\t\t\t\t{{#if ../required}}required{{/if}}>\n\t\t\t<label data-product-attribute-value=\"{{id}}\" class=\"form-label\" for=\"attribute_radio_{{../id}}_{{id}}\"></label>\n\t\t{{/each}}\n\t</div>\n\n{{/and}}\n\n\n\n\n\n\n","store-custom/components/products/options/set-rectangle":"<div class=\"form-field\" data-product-attribute=\"set-rectangle\">\n    <label class=\"form-label form-label--alternate form-label--inlineSmall\">\n        {{this.display_name}}:\n        <span data-option-value></span>\n        {{#if required}}\n            <small>{{lang 'common.required'}}</small>\n        {{/if}}\n    </label>\n    {{#each this.values}}\n        <input\n            class=\"form-radio\"\n            type=\"radio\"\n            id=\"attribute_rectangle__{{../id}}_{{id}}\"\n            name=\"attribute[{{../id}}]\"\n            value=\"{{id}}\"\n            {{#if selected}}\n                checked\n                data-default\n            {{/if}}\n            {{#if ../required}}required{{/if}}>\n        <label class=\"form-option\" for=\"attribute_rectangle__{{../id}}_{{id}}\" data-product-attribute-value=\"{{id}}\">\n            <span class=\"form-option-variant\">{{this.label}}</span>\n        </label>\n    {{/each}}\n</div>\n","store-custom/components/products/options/set-select":"<div class=\"form-field\" data-product-attribute=\"set-select\">\n    <label class=\"form-label form-label--alternate form-label--inlineSmall\" for=\"attribute_select_{{id}}\">\n        {{ this.display_name }}\n<!--\n        {{#if required}}\n            <small>{{lang 'common.required'}}</small>\n        {{/if}}-->\n    </label>\n\n    <select class=\"form-select form-select--small\" name=\"attribute[{{this.id}}]\" id=\"attribute_select_{{id}}\" {{#if required}}required{{/if}}>\n      <option value=\"\">{{lang 'products.choose_options'}}</option>\n        {{#each this.values}}\n            <option data-product-attribute-value=\"{{id}}\" value=\"{{id}}\" {{#if selected}}selected data-default{{/if}}>{{label}}</option>\n        {{/each}}\n    </select>\n</div>\n","store-custom/components/products/options/swatch":"<div class=\"form-field\" data-product-attribute=\"swatch\">\n    <label class=\"form-label form-label--alternate form-label--inlineSmall\">\n        {{this.display_name}}:\n        <span data-option-value></span>\n\n        {{#if required}}\n            <small>{{lang 'common.required'}}</small>\n        {{/if}}\n    </label>\n\n    {{#each this.values}}\n        <input class=\"form-radio\" type=\"radio\" name=\"attribute[{{../id}}]\" value=\"{{id}}\" id=\"attribute_swatch_{{../id}}_{{id}}\" {{#if selected}}checked data-default{{/if}} {{#if ../required}}required{{/if}}>\n        <label class=\"form-option form-option-swatch\" for=\"attribute_swatch_{{../id}}_{{id}}\" data-product-attribute-value=\"{{id}}\">\n            {{#if image}}\n                <span class='form-option-variant form-option-variant--pattern' title=\"{{this.label}}\" style=\"background-image: url('{{getImage image \"swatch_option_size\"}}');\"></span>\n            {{/if}}\n            {{#if data.[2]}}\n                <span class='form-option-variant form-option-variant--color' title=\"{{this.label}}\" style=\"background-color: #{{data.[0]}}\"></span>\n                <span class='form-option-variant form-option-variant--color' title=\"{{this.label}}\" style=\"background-color: #{{data.[1]}}\"></span>\n                <span class='form-option-variant form-option-variant--color' title=\"{{this.label}}\" style=\"background-color: #{{data.[2]}}\"></span>\n            {{else}}\n                {{#if data.[1]}}\n                    <span class='form-option-variant form-option-variant--color' title=\"{{this.label}}\" style=\"background-color: #{{data.[0]}}\"></span>\n                    <span class='form-option-variant form-option-variant--color' title=\"{{this.label}}\" style=\"background-color: #{{data.[1]}}\"></span>\n                {{else}}\n                    {{#if data.[0]}}\n                        <span class='form-option-variant form-option-variant--color' title=\"{{this.label}}\" style=\"background-color: #{{data.[0]}}\"></span>\n                    {{/if}}\n                {{/if}}\n            {{/if}}\n            {{#if pattern}}\n                <span class=\"form-option-expanded\">\n                    <span class=\"form-option-image\" style=\"background-image: url('{{getImage image 'core-swatch'}}');\"></span>\n                </span>\n            {{/if}}\n        </label>\n    {{/each}}\n</div>\n","store-custom/components/products/options/textarea":"<div class=\"form-field\" data-product-attribute=\"textarea\">\n    <label class=\"form-label form-label--alternate form-label--inlineSmall\" for=\"attribute_textarea_{{id}}\">\n        {{display_name}}:\n\n        {{#if required}}\n            <small>{{lang 'common.required'}}</small>\n        {{/if}}\n    </label>\n\n    <textarea class=\"form-input\" id=\"attribute_textarea_{{id}}\" name=\"attribute[{{id}}]\" {{#if required}}required{{/if}} {{#if max_length}}maxlength={{max_length}}{{/if}}>{{prefill}}</textarea>\n</div>\n","store-custom/components/products/product-script":"\r\n<!-- Option Tweak -->\r\n\r\n<script>\r\n\r\n    $(document).ready(function(){\r\n        var _cushionOption = \"\";\r\n        var _cushionFabrics = \"\";\r\n        var _itemColor = \"\";\r\n        var _dataColor =\"\";\r\n        var _dataFabric =\"\";\r\n        var _defaultColor = \"\";\r\n        var _defaultFabric = \"\";\r\n        var interval;\r\n        var counter;\r\n\t\tvar _cushionData = [\"Quick Ship Cushion\",\"Yes\"];\r\n\t\t_cushionData[\"Quick Ship Cushion\"] = [\"Spectrum Indigo\",\"Spectrum Sand\",\"Granite\",\"Cast charcoal\",\"Spa\",\"Natural\",\"Cast lagoon\",\"Regatta\"];\r\n\t\t_cushionData[\"Yes\"] = [\"No Cushion Fabric\",\"Cast charcoal\"];\r\n\t\t\r\n\r\n\t\tfunction incaseInArray(val, arr){\r\n\t\t\tvar _returnValue = false;\r\n\t\t\tif(arr.length){\r\n\t\t\t\tfor(var i=0; arr.length > i; i++ ){\r\n\t\t\t\t\tif(val.toLowerCase() == arr[i].toLowerCase()){\r\n\t\t\t\t\t\t_returnValue = true;\r\n\t\t\t\t\t\tbreak;\r\n\t\t\t\t\t}\r\n\t\t\t\t}\r\n\t\t\t}\r\n\t\t\treturn _returnValue;\r\n\t\t}\r\n\r\n\r\n\r\n        function imgSelector(_color,_fabric){\r\n            clearInterval(interval);\r\n            counter = 0;\r\n            interval  = setInterval(function() {\r\n                counter++;\r\n                ( $('.productView-thumbnails img[alt*=\"'+_color+' '+_fabric+'\"]').length > 0 ) ?  $('.productView-thumbnails img[alt*=\"'+_color+' '+_fabric+'\"]').trigger( \"click\" ) :  $('.productView-thumbnails img[alt*=\"'+_color+' '+_defaultFabric+'\"]').trigger( \"click\" ) ;\r\n                if (counter == 200) { clearInterval(interval); }\r\n            }, 10);\r\n            \r\n        }\r\n        \r\n\t\t// Item Color Selector\r\n\t\tif($(this).contents().find('.form-field .form-label:contains(\"Item Color\")').length > 0){\r\n           _itemColor = $(this).contents().find('.form-field .form-label:contains(\"Item Color\")'); \r\n           _itemColor.parent('.form-field').find('select').bind(\"change\",function(){\r\n               _dataColor = $(this).find(\":selected\").text();\r\n               imgSelector( _dataColor , _dataFabric );\r\n           });\r\n           \r\n        }\r\n\t\t\r\n        // Cushion Fabric Selector\r\n        if($(this).contents().find('.form-field .form-label:contains(\"Cushion Fabric\")').length > 0){\r\n            _cushionFabrics = $(this).contents().find('.form-field .form-label:contains(\"Cushion Fabric\")')\r\n            _defaultFabric = _dataFabric = _cushionFabrics.parent('.form-field').find('.form-option.form-option-swatch:eq(0) span').attr('title');\r\n            _cushionFabrics.parent('.form-field').find('.form-option.form-option-swatch span').bind(\" click \",function(){\r\n                _dataFabric = $(this).attr('title');\r\n                imgSelector( _dataColor, _dataFabric );\r\n            });\r\n\r\n\t\t// Cushion Option Selector\r\n\t\t\tif($(this).contents().find('.form-field .form-label:contains(\"Cushion Options\")').length > 0){\r\n\t\t\t\t\t_cushionFabrics.parent('.form-field').hide();  \r\n\t\t\t\t\t_cushionOption = $(this).contents().find('.form-field .form-label:contains(\"Cushion Options\")');\r\n\t\t\t\t\t_cushionOption.parent('.form-field').find('select').bind(\"change\",function(){  \r\n\t\t\t\t\t\tif( $(this).find(\":selected\").text() == \"Yes\" ){\r\n\t\t\t\t\t\t\t_cushionFabrics.parent('.form-field').find('.form-option.form-option-swatch').hide();\r\n\t\t\t\t\t\t\t_cushionFabrics.parent('.form-field').find('.form-option.form-option-swatch span.form-option-variant').each(function(index){\r\n\t\t\t\t\t\t\t\tif(incaseInArray( $(this).attr('title'), _cushionData[\"Yes\"] ) == false){\r\n\t\t\t\t\t\t\t\t\t$(this).parent('.form-option.form-option-swatch').show();\r\n\t\t\t\t\t\t\t\t}\r\n\t\t\t\t\t\t\t});\t\r\n\t\t\t\t\t\t\t_cushionFabrics.parent('.form-field').slideDown();\r\n\t\t\t\t\t\t}\r\n\t\t\t\t\t\telse if( $(this).find(\":selected\").text() == \"Quick Ship Cushion\" ){\r\n\t\t\t\t\t\t\t_cushionFabrics.parent('.form-field').find('.form-option.form-option-swatch').hide();\r\n\t\t\t\t\t\t\t_cushionFabrics.parent('.form-field').find('.form-option.form-option-swatch span.form-option-variant').each(function(index){\r\n\t\t\t\t\t\t\t\tif(incaseInArray( $(this).attr('title'), _cushionData[\"Quick Ship Cushion\"] ) == true){\r\n\t\t\t\t\t\t\t\t\t$(this).parent('.form-option.form-option-swatch').show();\r\n\t\t\t\t\t\t\t\t}\r\n\t\t\t\t\t\t\t});\r\n\t\t\t\t\t\t\t_cushionFabrics.parent('.form-field').slideDown();\r\n\t\t\t\t\t\t\r\n\t\t\t\t\t\t\t\r\n\t\t\t\t\t\t\r\n\t\t\t\t\t\t\r\n\t\t\t\t\t\t}\r\n\t\t\t\t\t\telse{\r\n\t\t\t\t\t\t\t_cushionFabrics.parent('.form-field').find('.form-option.form-option-swatch').hide();\r\n\t\t\t\t\t\t\t_cushionFabrics.parent('.form-field').find('.form-option.form-option-swatch').first().show();\r\n\t\t\t\t\t\t\t_cushionFabrics.parent('.form-field').slideDown();\r\n\t\t\t\t\t\t\t\r\n\t\t\t\t\t\t}\r\n\t\t\t\t\t});\r\n\t\t\t}\r\n        }\r\n        \r\n\t\t\r\n        \r\n        \r\n        \r\n\r\n    }); \r\n\t\r\n</script>\r\n\r\n<!-- Option Tweak -->\n"}
